Name,Function,Indoor/Outdoors,Details,Monday,Tuesday,Wednesday,Thursday,Friday,Saturday,Sunday,Score,NumOfReviews,Latitude,Longitude,Image
경복궁,고궁,Outdoor,"서울특별시에 있는 조선시대의 궁궐 중 하나이며, 조선의 정궁이기도 하다. 사적 제117호로 지정되어 있다. 서울특별시 종로구 사직로 161소재. 조선의 법궁이다.",9AM-6PM,Closed,9AM-6PM,9AM-6PM,9AM-6PM,9AM-6PM,9AM-6PM,4.6,"12,779",37.579617,126.974847,GyeongbokgungPalace.jpg
남산타워,타워,Indoor,"대한민국을 대표하는 명실상부한 랜드마크 중 하나. 서울의 대표적인 랜드마크 중 하나. 타워 자체의 높이는 236.7m로, 에펠탑이나 도쿄 타워 등 다른 랜드마크에 비하면 낮은 높이지만 남산의 해발고도까지 합하면 479.7m가 된다. 전망대는 CJ푸드빌에서, 지하 상업시설은 YTN에서 운영하고 있다.",10AM-11PM,10AM-11PM,10AM-11PM,10AM-11PM,10AM-11PM,10AM-12AM,10AM-11PM,4.4,"16,784",37.5511694,126.9860326,NSeoulTower.jpg
창덕궁,고궁,Outdoor,서울특별시에 있는 조선 - 대한제국시대 궁궐 중 하나. 1997년 유네스코 세계유산으로 등재되었다.,Closed,9AM-5PM,9AM-5PM,9AM-5PM,9AM-5PM,9AM-5PM,9AM-5PM,4.6,"3,657",37.5792907,126.9888087,Changdeokgung.jpg
북촌 한옥마을,문화유산보존지역,Outdoor,"서울특별시 종로구 가회동, 삼청동 내의 한옥 밀집지역을 칭한다.",9AM-6PM,9AM-6PM,9AM-6PM,9AM-6PM,9AM-6PM,9AM-5PM,9AM-5PM,4.3,"4,848",37.5824075,126.9814591,BukchonHanokVillage.jpg
롯데월드,놀이공원,Outdoor,"서울특별시 송파구 올림픽로 240(잠실동)에 위치한 건물로, 테마파크, 백화점, 호텔, 면세점, 대형 할인점이 한 곳에 모여 있는 대단위 복합 생활공간(CLT:Complex Life Town)을 표방하고 있다.",9:30AM-10PM,9:30AM-10PM,9:30AM-10PM,9:30AM-10PM,9:30AM-11PM,9:30AM-11PM,Closed,4.2,"13,061",37.5112808,127.0969224,LotteWorld.jpg
남산공원,공원,Outdoor,서울특별시 중구와 용산구 사이에 있는 서울 시립공원. 예전에는 '한양공원(漢陽公園)으로 불렀으나 뒷날 지금의 이름으로 바뀌었다. 서울 남산을 중심으로 조성된 공원이며 가장 광활한 규모와 면적이다.,Open 24 hours,Open 24 hours,Open 24 hours,Open 24 hours,Open 24 hours,Open 24 hours,Open 24 hours,4.5,179,37.5509895,126.9887051,NamsanPark.jpg
남대문시장,시장,Outdoor,서울특별시 중구 회현동 숭례문 앞에 위치해 있는 서울특별시 도심 최대의 전문 재래시장. (품목별로 운영시간이 다름),0AM-11PM,0AM-11PM,0AM-11PM,0AM-11PM,0AM-11PM,0AM-11PM,0AM-11PM,4.1,"7,997",37.5591786,126.9754752,NamdaemunMarket.jpg
청계천,관광지,Outdoor,서울의 한복판인 종로구와 중구와의 경계를 흐르는 하천. 한성(서울)내의 모든 물이 여기에 모여 동쪽으로 흐르다가 왕십리 밖 살곶이다리(현 한양대 서울캠퍼스 인근) 근처에서 중랑천과 합쳐 서쪽으로 흐름을 바꾸어 한강으로 빠진다.,Open 24 hours,Open 24 hours,Open 24 hours,Open 24 hours,Open 24 hours,Open 24 hours,Open 24 hours,4.1,"1,301",37.5713521,127.0224388,Cheonggyecheon.jpg
덕수궁,고궁,Outdoor,서울특별시 중구 세종대로 99(정동 5-1) 서울특별시청 건너편에 있는 조선 시대에 지어진 궁궐.,Closed,9AM-9PM,9AM-9PM,9AM-9PM,9AM-9PM,9AM-9PM,9AM-9PM,4.4,"5,077",37.5664117,126.9701883,Deoksugung.jpg
동대문시장,시장,Outdoor,"종로 4가와 청계 4가에서 시작하여 흥인지문 인근까지 이어져 있는 재래시장과 쇼핑센터의 복합시장단지. 다른 말로 동대문종합시장, 동대문쇼핑타운, 동대문패션타운 등으로도 불린다.",9AM-6PM,9AM-6PM,9AM-6PM,9AM-6PM,9AM-6PM,9AM-6PM,Closed,4,"1,276",37.5693936,127.0014781,DongdaemunMarket.jpg
광화문,문화유산보존지역,Outdoor,"조선 왕조의 정궁인 경복궁의 정문을 가리키는 말. 다만 일반 대중들에겐 정문을 지칭하는 것 외에도 '광화문' 자체가 세종대로, 광화문광장 등을 비롯한 일대를 통칭하는 지명으로 많이 쓰이고 있다. ",8AM-5PM,8AM-5PM,8AM-5PM,8AM-5PM,8AM-5PM,8AM-5PM,8AM-5PM,4.5,"4,012",37.5759369,126.9746217,GwanghwamunGate.jpg
숭례문,문화유산보존지역,Outdoor,600년 동안 한양을 둘러싸고 있었던 한양도성의 남쪽에 위치한 문. 현재도 서울시의 중심에 위치하고 있다. 대한민국 국보 1호. 서울의 상징이나 다름 없는 건축물이다.,Closed,9AM-6PM,9AM-6PM,9AM-6PM,9AM-6PM,9AM-6PM,9AM-6PM,4.3,"2,606",37.5600716,126.9741131,SungnyemunGate.jpg
창경궁,고궁,Outdoor,조선 시대의 궁궐 중 하나. 일제강점기 및 해방 후 40여 년 동안 '창경원(昌慶苑)'이라는 이름으로 불렸으나 1986년 궁궐 복원에 따라 창경궁으로 환원되었다. 서울특별시 종로구 와룡동에 있다. 조선 시대에는 창덕궁과 연결되어 동궐로 불리면서 실질적으로 하나의 궁궐 역할을 했다.,Closed,9AM-5:30PM,9AM-5:30PM,9AM-5:30PM,9AM-5:30PM,9AM-5:30PM,9AM-5:30PM,4.5,879,37.5791008,126.9907223,ChanggyeonggungPalace.jpg
종묘,문화유산보존지역,Outdoor,조선 시대 역대 왕과 왕비 및 추존된 왕과 왕비의 신주(神主)를 모신 왕실의 유교 사당.  '종묘사직'이란 말에서 알 수 있듯 전제왕조 당시 왕실과 나라를 상징하는 건물 중 하나였다. ,9AM-5:30PM,Closed,9AM-5:30PM,9AM-5:30PM,9AM-5:30PM,9AM-5:30PM,9AM-5:30PM,4.5,237,37.574583,126.991949,JongmyoShrine.jpg
국립 민속박물관,박물관,Indoor,"고유한 민속 자료의 수집·보존·전시와 이와 연관된 체계적인 조사·연구를 위해 설립된 문화체육관광부 산하 국립 박물관이다. 서울특별시 종로구 삼청로 37번지에 위치한 경복궁 경내에 위치해 있다. 2017년 부터 국립 박물관 관람 규칙에 의거 1월 1일, 설 당일, 추석 당일 휴관한다. ",9AM-6:30PM,9AM-6:30PM,9AM-6:30PM,9AM-6:30PM,9AM-6:30PM,9AM-7PM,9AM-7PM,4.4,626,37.5816456,126.9768008,TheNationalFolkMuseumofKorea.jpg
청와대,정부청사,Indoor,서울 종로구에 있는 대한민국 대통령의 관저.(무조건 예약을 해야 입장할 수 있다),Open 24 hours,Open 24 hours,Open 24 hours,Open 24 hours,Open 24 hours,Open 24 hours,Open 24 hours,3.4,455,37.5816452,126.9702079,BlueHouse.jpg
광화문 광장,대광장,Outdoor,서울특별시 종로구 광화문에서 세종로사거리와 청계광장으로 이어지는 세종로 중앙에 조성된 광장.,Open 24 hours,Open 24 hours,Open 24 hours,Open 24 hours,Open 24 hours,Open 24 hours,Open 24 hours,4.4,"1,927",37.5740339,126.974581,GwanghwamunSquare.jpg
북한산공원,국립공원,Outdoor,서울특별시와 경기도에 걸쳐 있는 산. '북한산'이란 이름은 조선 후기에 한강 이북에 있다고 하여 붙여진 이름이다.,4AM-5PM,4AM-5PM,4AM-5PM,4AM-5PM,4AM-5PM,4AM-5PM,4AM-5PM,4.5,401,37.6693702,126.9567363,BukhansanNationalPark.jpg
반포대교,다리,Outdoor,"서울특별시 용산구 서빙고동과 서초구 반포동을 잇는 길이 1,490m, 너비 25m의 6차선 다리이다. 한국 최초의 2층 교량으로, 1층은 홍수가 났을 때 물에 잠기도록 설계된 잠수교이고, 2층이 반포대교이다. ",Open 24 hours,Open 24 hours,Open 24 hours,Open 24 hours,Open 24 hours,Open 24 hours,Open 24 hours,4.3,346,37.5156865,126.9610508,BanpoBridge.jpg
동대문 디지털플라자,문화센터,Indoor,"끊임없이 새롭고, 쉴 새 없이 움직이는 곳 . 꿈꾸고(Dream), 만들고(Design), 누린다(Play)는 뜻을 가지고 있는 DDP(동대문 디자인 플라자)는 전시, 패션쇼, 포럼, 컨퍼런스 등 국내외 주요 행사들을 진행하고 있다. 건축물투어는 현장접수, 행사 일정, 키즈 프로그램 등은 사이트를 통해 확인하고 신청할 수 있다. ",Closed,10AM-7PM,10AM-7PM,10AM-7PM,10AM-9PM,10AM-9PM,10AM-7PM,4.3,"8,501",37.566725,127.007312,DongdaemunDesignPlaza.jpg
흥인지문,문화유산보존지역,Outdoor,"보물 제 1호, 서울특별시 종로구 종로6가에 있는 조선시대의 성문.",Open 24 hours,Open 24 hours,Open 24 hours,Open 24 hours,Open 24 hours,Open 24 hours,Open 24 hours,4.1,"1,075",37.5667246,127.0007191,Heunginjimun.jpg
국립중앙박물관,박물관,Indoor,"대한민국 최대 규모의 국립 박물관. 국립중앙박물관은 박물관 일반의 사업 외에 다음 각 호의 업무를 수행한다.
- 국내외 문화재의 보존·관리
- 국내외 박물관자료의 체계적인 보존·관리
- 국내 다른 박물관에 대한 지도·지원 및 업무 협조
- 국내 박물관 협력망의 구성 및 운영
- 그 밖에 국가를 대표하는 박물관으로서의 기능 수행에 필요한 업무",10AM-6PM,10AM-6PM,10AM-9PM,10AM-6PM,10AM-6PM,10AM-9PM,10AM-7PM,4.6,"5,788",37.5238506,126.9782762,NationalMuseumofKorea.jpg
63빌딩,타워,Indoor,"현대식 63 층 타워. IMAX 영화관, 수족관 및 서울 도시 전경을 볼 수 있는하늘 갑판 등이있다.",10AM-10PM,10AM-10PM,10AM-10PM,10AM-10PM,10AM-10PM,10AM-10PM,10AM-10PM,4.1,"2,605",37.5193776,126.9380163,63Building.jpg
서울대공원,놀이공원,Outdoor,"미술관 및 테마파크로 1995년 현재 동물원에는 총 366종 3,048수의 동물이 세계지도 모형으로 배치된 아프리카관 ·유라시아관 ·남북미관 ·호주관 등 75개 사육사에서 사육되고 있다. 식물원에는 총 1,144종 3만 6610본의 열대 ·아열대식물이 2,825㎡ 넓이의 열대 ·아열대관, 선인장 및 다육식물관, 난 ·양치류관 등에 수집되어 있다. 부대시설로는 청소년 문화시설 ·시민이용 위락시설 ·자연공원 ·호수 ·관리시설 등이 있고, 그 밖에도 민속놀이터 ·잔디운동장 ·전망대 ·어린이놀이터 ·음악당 등과 동물 ·식물연구소가 있다. 이 가운데 동 ·식물원과 부대시설은 시비로, 문화시설 및 위락시설은 민자를 유치해서 운영하고 있다. 이 밖에도 호수변을 순회하는 무궤도열차가 운행되고 있다.",9AM-6PM,9AM-6PM,9AM-6PM,9AM-6PM,9AM-6PM,9AM-6PM,9AM-6PM,4.3,"3,958",37.431624,127.0029734,SeoulGrandPark.jpg
전쟁기념박물관,박물관,Indoor,"전쟁에 관한 사적과 사건을 기념하기 위해 1991년에 착공하여 1994년 6월 개관한 기념관. 연건평 2만 5천 평에 지하 2층, 지상 4층 규모이며, 호국추모실·전쟁역사실·한국전쟁실·해외파병실·국군발전실·대형장비실 등 6개 전시실로 구분되어 있다.",Closed,9:30AM-6PM,9:30AM-6PM,9:30AM-6PM,9:30AM-6PM,9:30AM-6PM,9:30AM-6PM,4.5,"6,163",37.5366059,126.9749457,WarMemorialofKorea.jpg
서울숲,공원,Outdoor,뉴욕의 센트럴 파크나 런던의 하이드 파크 등을 본따 조성한 서울 도심 속의 녹지. 약 35만 평의 부지에 약 2352억 원의 사업비를 들여 테마공원 다섯 곳과 기타 시설들을 만들고 2005년 6월에 개장하였다.,Open 24 hours,Open 24 hours,Open 24 hours,Open 24 hours,Open 24 hours,Open 24 hours,Open 24 hours,4.5,"1,814",37.5450111,127.0362841,SeoulForest.jpg
봉은사,불교사찰,Outdoor,"서울특별시 강남구 삼성동 봉은사로에 위치한 도심 속의 고찰(古刹). 대한불교 조계종 종파의 사찰이며, 신라 원성왕 때인 서기 794년에 창건되었다.",Open 24 hours,Open 24 hours,Open 24 hours,Open 24 hours,Open 24 hours,Open 24 hours,Open 24 hours,4.6,367,37.514852,127.0551826,Bongeunsa.jpg
조계사,불교사찰,Outdoor,"서울특별시 종로구에 위치한 사찰. 대한민국 불교의 1번지이자 대한불교 조계종의 총본산(總本山). 사찰 규모는 아담하지만, 한국불교 최대 종단의 본사(本寺)답게 경복궁 근정전에 맞먹는다는 크고 아름다운 대웅전이 있고, 입구에는 '大韓佛敎總本山曹溪寺(대한불교 총본산 조계사)' 현판이 걸린 거대한 일주문이 정문 역할을 한다. 경내에는 천연기념물 제9호인 백송(Pinus bungeana)이 자라고 있다. ",Open 24 hours,Open 24 hours,Open 24 hours,Open 24 hours,Open 24 hours,Open 24 hours,Open 24 hours,4.3,319,37.5743716,126.9804558,Jogyesa.jpg
올림픽공원,스포츠단지,Outdoor,"올림픽 공원은 체육공간, 문화예술공간, 역사와 교육의 장소, 휴식공간 등 다양한 용도를 갖춘 만능공원으로 자리매김하고 있다. 또한 백제 초기의 유적인 몽촌토성과 몽촌해자(인공호수)를 중심으로 43만평의 대지 위에 조성되어 있고, 세계적인 조각작품들, 기념조형물, 88놀이마당, 산책로, 올림픽스포츠센터 등이 들어서 있다. 이 외에도 각종 유료, 무료 공연이 수시 개최되고 있어 시민들을 위한 다목적 휴식공간의 역할을 담당하고 있다. 서울올림픽을 치른 수영장, 체조경기장, SK핸드볼경기장, 우리금융아트홀, 테니스장을 비롯, 벨로드롬등이 있다.",6AM-10PM,6AM-10PM,6AM-10PM,6AM-10PM,6AM-10PM,6AM-10PM,6AM-10PM,4.6,854,37.5206868,127.1193001,OlympicPark.jpg
남한산성,역사유적지,Outdoor,"경기도 광주시 남한산성면 산성리에 있는 북한산성과 함께 수도 한양을 지키던 조선시대의 산성. 사적 제57호. 현재 남아있는 시설은 동·서·남문루와 장대·돈대·보 등의 방어시설과 비밀통로인 암문, 우물, 관아, 군사훈련시설 등이 있다.",9AM-5PM,9AM-5PM,9AM-5PM,9AM-5PM,9AM-5PM,9AM-5PM,9AM-5PM,4.2,298,37.4790366,127.1843729,NamhansanseongWorldHeritageCentre.jpg
서울랜드,놀이공원,Outdoor,경기도 과천시 서울대공원 안에 있는 대단위 위락공간이다. 놀이·교양·편익·조경·휴양·운동·교통·관리시설 등 8개 부문에 걸쳐 250여 가지의 각종 시설을 갖추고 있다.,9:30AM-10PM,9:30AM-10PM,9:30AM-10PM,9:30AM-10PM,9:30AM-10PM,9:30AM-10PM,9:30AM-10PM,4.2,"3,128",37.4341563,127.0179327,SeoulLand.jpg
어린이대공원,놀이공원,Outdoor,"서울 광진구에 있는 어린이공원. 가족 단위 휴식공간으로, 공원 출입문은 정문, 동문, 서문, 남문, 북문, 후문, 능동문, 회관문, 구의문 등 9개가 있으며, 주요 시설로 동물나라, 놀이동산, 자연나라 등이 있다. ",5AM-10PM,5AM-10PM,5AM-10PM,5AM-10PM,5AM-10PM,5AM-10PM,5AM-10PM,4.4,"2,973",37.5483014,127.0699623,SeoulChildren'sGrandPark.jpg
인왕산,산,Outdoor,서울 종로구와 서대문구 홍제동(弘濟洞) 경계에 있는 산. no data,Open 24 hours,Open 24 hours,Open 24 hours,Open 24 hours,Open 24 hours,Open 24 hours,Open 24 hours,4.4,54,37.5849471,126.9417517,Inwangsan.jpg
경희궁,고궁,Outdoor,조선 후기 동안 정궁인 창덕궁에 이은 제2의 궁궐(이궁)로 양대 궁궐 체제의 한 축을 담당했다. 많은 왕들이 경희궁에서 적지 않은 시간 동안 거처하면서 창덕궁이 지닌 정궁으로서의 기능을 일정 부분 나눠서 수행했다. 조선시대에는 주로 창덕궁+창경궁을 지칭하는 '동궐'에 대비되는 이름인 '서궐'로 불리웠다.,Closed,9AM-6PM,9AM-6PM,9AM-6PM,9AM-6PM,9AM-6PM,9AM-6PM,4.2,274,37.5712378,126.9659748,Gyeonghuigung.jpg
월드컵공원,공원,Outdoor,"서울특별시 마포구 상암동과 성산동 일원에 2002 FIFA 월드컵 한국/일본을 기념하여 조성된 공원이다. 1978년부터 1993년까지 한강변의 쓰레기 매립장이었던 난지도 쓰레기 매집장이 폐쇄된 자리와 그 주변에 조성하였으며, 평화의 공원, 하늘공원, 노을공원, 난지천공원, 난지한강공원등 5개의 공원으로 이루어져 있다.",8:30AM-6PM,8:30AM-6PM,8:30AM-6PM,8:30AM-6PM,8:30AM-6PM,Closed,Closed,4.3,236,37.5639074,126.8951226,WorldCupPark.jpg
트릭아이뮤지엄,박물관,Indoor,"트릭아이뮤지엄은 관람객이 주인공이 되는 신개념의 문화,엔터테인먼트 공간으로 미술작품 전시관으로는 세계 최초로 작품에 AR(증강현실)기술을 적용해 관람객에게 더욱 놀라운 경험을제공하고 있습니다.  Trickeye 앱을 설치한 뒤, 작품과 적당한 거리를 두고 정해진 위치에서 찍으면 놀라운 AR효과가 나타나며, 사진뿐만 아니면, 동영상에도 효과적용이 가능합니다. 작품을 영상으로 찍으면 더 실감나고 놀라운 증강현실을 즐길 수 있습니다.",9AM-9PM,9AM-9PM,9AM-9PM,9AM-9PM,9AM-9PM,9AM-9PM,9AM-9PM,4.2,"1,967",37.5535655,126.9195323,TrickeyeMuseumSeoul.jpg
국립고궁박물관,박물관,Indoor,"조선왕실의 문화재 및 궁중 유물을 전시·관리하고 있으며 궁중유물의 홍보 및 사회교육, 학술도서와 자료의 수집, 출판, 관리 업무도 담당한다. 박물관은 지상2층, 지하1층의 규모(연면적 18,284 ㎡)로 전시실(15개실), 수장고, 보존과학실 등의 시설이 있다. 전시실은 제왕기록실, 국가의례실, 궁궐건축실, 과학문화실, 왕실생활실, 탄생교육실, 왕실문예실, 대한제국실, 궁중회화실, 궁중음악실, 어가의장실, 자격루실 등으로 구성되어 궁중 유물을 전시하고 있다.",9AM-6PM,9AM-6PM,9AM-6PM,9AM-6PM,9AM-6PM,9AM-7PM,9AM-7PM,4.4,"1,510",37.5765793,126.9729025,NationalPalaceMuseumofKorea.jpg
서울역사박물관,박물관,Indoor,"서울역사박물관은 조선시대부터 현재에 이르기까지의 서울의 역사와 문화를 정리하여 보여주는 서울도시역사박물관입니다. 도시 서울의 역사를 담은 세계에서 유일한 박물관으로 상설전시실, 기획전시실, 기증유물전시실, 교육실, 강당, 뮤지엄샵이 있으며 전통문화체험교실, 아이좋은 박물관 등 대상별 맞춤 교육프로그램과 음악회 등 다양한 문화프로그램을 운영하고 있습니다.",Closed,9AM-8PM,9AM-8PM,9AM-8PM,9AM-8PM,9AM-7PM,9AM-7PM,4.4,"1,376",37.5705077,126.9683159,SeoulMuseumofHistory.jpg
삼성 리움박물관,미술관,Indoor,1965년 삼성문화재단 설립 이후 소중한 문화 유산을 보전하고 대중에게 알리고자 노력해온 삼성미술관은 2004년 서울 한남동에 미술관 건물을 신축하면서 삼성미술관 Leeum을 개관했습니다. 수준 높은 소장품 전시 및 기획전시 개최 등 그간의 괄목할만한 활동과 성과로 지금 리움은 명실공히 한국을 대표하는 미술관으로 성장하였습니다.,Closed,10:30AM-6PM,10:30AM-6PM,10:30AM-6PM,10:30AM-6PM,10:30AM-6PM,10:30AM-6PM,4.4,849,37.538122,126.996385,"Leeum,SamsungMuseumofArt.jpg"
도봉산,산,Outdoor,"서울특별시 도봉구와 경기도 의정부시, 양주시 장흥면에 걸쳐 있는 해발 740m의 산.",Open 24 hours,Open 24 hours,Open 24 hours,Open 24 hours,Open 24 hours,Open 24 hours,Open 24 hours,4.5,92,37.7004617,126.9981318,Dobongsan.jpg
운현궁,고궁,Outdoor,"서울특별시 종로구에 있는 조선 후기 흥선대원군의 사가.  1977년 11월 22일 사적 제257호로 지정되었다. 흥선대원군의 둘째 아들인 고종(高宗:재위 1863∼1907)이 출생하여 12세에 왕위에 오르기 전까지 성장한 잠저(潛邸)이다. 철종(哲宗:재위 1849∼1863)의 뒤를 이어 고종이 즉위하자 생부(生父) 이하응(李昰應)은 흥선대원군이 되었고, 생모 민씨는 여흥부대부인(驪興府大夫人)의 봉작을 받았다. ",Closed,9AM-7PM,9AM-7PM,9AM-7PM,9AM-7PM,9AM-7PM,9AM-7PM,4.2,614,37.5760774,126.9852092,Unhyeongung.jpg
탑골공원,공원,Outdoor,사적 제354호로 지정되어 있는 탑골공원은 우리나라 최초의 도심 내 공원으로 1919년 3·1운동이 일어났던 곳이다. 고려시대 흥복사가 있던 자리에 1465년(세조 11년)에 원각사라는 절이 세워졌으나 연산군 때 폐사되었고 고종 34년에 영국인 브라운의 설계에 의해 공원으로 조성되었다.,Open 24 hours,Open 24 hours,Open 24 hours,Open 24 hours,Open 24 hours,Open 24 hours,Open 24 hours,3.6,710,37.5715621,126.986191,TapgolPark.jpg
여의도한강공원,공원,Outdoor,"여의도한강공원은 정치, 금융, 언론의 중심지인 여의도에 자리하고 지하철, 버스 등 대중교통으로 접근성이 좋아 직장인과 일반시민들이 즐겨찾는 명소이자 봄꽃축제, 세계불꽃축제, 각종 공연 및 마라톤행사 등 다양한 행사가 이어져 볼거리와 즐길거리가 풍부한 휴식공간입니다. 또한 밤섬, 여의도 샛강 등이 비교적 자연그대로 보존되어 있어 생태학습장 및 자연친화형 공원으로 조성되어 있습니다",Open 24 hours,Open 24 hours,Open 24 hours,Open 24 hours,Open 24 hours,Open 24 hours,Open 24 hours,4.5,"2,691",37.5284017,126.9321072,YeouidoHangangPark.jpg
명동성당,성당,Indoor,명동성당은 천주교 서울대교구의 주교좌 성당으로 한국 최초의 본당이자 한국 천주교를 대변하는 대성당이다. ,9:30AM-12PM,9:30AM-12PM,9:30AM-12PM,9:30AM-12PM,9:30AM-12PM,9:30AM-12PM,9:30AM-12PM,4.5,624,37.5630609,126.9842134,Myeongdong Cathedral.jpg
남산골한옥마을,문화유산보존지역,Outdoor,"서울특별시 중구 필동 일대의 한옥이 보존되어 있는 마을.  1989년 남산골의 제모습 찾기 사업에 의해 조성한 마을로 수도방위사령부 부지를 인수하여, 서울특별시 지정 민속자료 한옥 5개 동을 이전 복원하고 전통정원으로 꾸몄다. 1998년 4월 18일에 개관하였다.",Closed,9AM-9PM,9AM-9PM,9AM-9PM,9AM-9PM,9AM-9PM,9AM-9PM,4.2,"3,127",37.559315,126.992283,NamsangolHanokVillage.jpg
관악산,산,Outdoor,"서울특별시 관악구 신림동과 동작구 사당동, 경기도 안양시, 과천시의 경계에 있는 산이다. 높이는 632 m.",Open 24 hours,Open 24 hours,Open 24 hours,Open 24 hours,Open 24 hours,Open 24 hours,Open 24 hours,4.5,117,37.4429367,126.9434499,Gwanaksan.jpg
경의선 숲길,공원,Outdoor,서울특별시 마포구 연남동에서 용산구 효창동까지 이어진 6.3km 길이의 공원. 옛 경의선(용산선) 폐철길을 공원으로 탈바꿈시킨 서울의 도시재생 프로젝트의 일환이다. 일부 구간에는 경의선 시절의 레일 및 건널목을 재현해 놓았다. 옛 폐차량을 체험 목적으로 전시한 곳도 있다.,Open 24 hours,Open 24 hours,Open 24 hours,Open 24 hours,Open 24 hours,Open 24 hours,Open 24 hours,4.3,118,37.5584769,126.9233815,GyeonguiLineForestPark.jpg
커피스미스 경리단길점,카페,Indoor,"푸드플라이, 넓은공간, 한가한, 쾌적한분위기, 분위기좋은, 데이트하기좋은, 점심",10AM-11PM,10AM-11PM,10AM-11PM,10AM-11PM,Open 24 hours,Open 24 hours,10AM-11PM,3.8,37,37.5393308,126.9878375,CoffeeSmithGyeongnidan-gil.jpg
영등포 타임스퀘어,쇼핑몰,Indoor,"새로운 도시형 엔터테인먼트 문화공간(UELC-Urban Entertailing Lifestyle Center)인 영등포 타임스퀘어는 100년의 역사를 가지고 있는 주식회사 경방에서 2006년부터 총 공사비 6,000억 원을 투자해 건설한 국내 최대 규모의 복합쇼핑몰입니다.",10:30AM-10PM,10:30AM-10PM,10:30AM-10PM,10:30AM-10PM,10:30AM-10PM,10:30AM-10PM,10:30AM-10PM,4.2,"5,284",37.5171639,126.9009818,TimesSquareMall.jpg
문례동 예술촌,관광명소,Indoor,"서울특별시 영등포구에 위치한 예술관으로, 문래동 예술촌을 방문하면 예술인들의 갤러리와  작업실 및 다양한 벽화와 조형물들 뿐 아니라 철공소에서 열심히 작업하시는 분들도 볼 수 있다.",9AM-10PM,9AM-10PM,9AM-10PM,9AM-10PM,9AM-10PM,9AM-10PM,9AM-10PM,4.1,19,37.5131769,126.897949,SeoulArtSpaceMullae.jpg
반포한강공원,공원,Outdoor,"반포대교(잠수교)를 중심으로 상류는 한남대교, 하류는 동작대교 사이 강변 남단에 위치해 있고, 길이는 7.2㎞로 서초구 반포동, 동작구 흑석동에 인접해 있습니다. 물을 뿜을 때마다 아름다운 풍경을 연출하여 일곱빛깔 무지개처럼 다양한 볼거리와 즐길거리를 제공합니다. 또한 물방울놀이터, 인라인허브, 축구장, 농구장 등 체육시설이 있습니다. 동작대교 남단에는 전망대가 설치되어 탁 트인 한강수면 위로 펼쳐진 넓은 하늘과 강변 빌딩숲을 감상할 수 있습니다. 서래섬은 계절에 따라 유채, 메밀 등의 작물을 식재하여 꽃이 피는 시기에는 서래섬을 일주하는 산책코스로 인기가 높습니다. 여의도와 잠원한강공원으로 연결되는 7.2㎞의 자전거도로, 산책로가 분리되어 시원한 강바람을 맞으며 자전거타기, 조깅, 산책을 즐기면서 반포한강공원에서 오감만족 시간을 누려보세요.",Open 24 hours,Open 24 hours,Open 24 hours,Open 24 hours,Open 24 hours,Open 24 hours,Open 24 hours,4.2,"2,042",37.5110052,126.9961397,BanpoHangangPark.jpg
선릉과 전릉,역사유적지,Outdoor,서울특별시 강남구 삼성동에 있는 조선시대 선릉과 정릉을 합한 능호.,Closed,6AM-9PM,6AM-9PM,6AM-9PM,6AM-9PM,6AM-9PM,6AM-9PM,4.3,363,37.5067588,127.0467917,SeolleungandJeongneungRoyalTombs.jpg
잠실 한강공원,공원,Outdoor,"잠실철교에서 영동대교 사이 강변 남단에 위치해 있으며, 잠실종합운동장, 롯데월드, 올림픽공원이 인접해 있어 어느 지역보다 생활체육시설 및 문화시설을 함께 이용하기 편리합니다. 자연학습장은 각종 꽃,야생화,농작물 등이 잘 조성되어 어린이들의 자연학습과 가족단위의 소풍장소로 인기가 높습니다. 또한 잠실 수중보의 물고기길(어도)은 남녀노소 할 것 없이 살아있는 한강을 직접 느낄수 있고, 생태프로그램도 운영되고 있는 또 하나의 자랑거리이다.",Open 24 hours,Open 24 hours,Open 24 hours,Open 24 hours,Open 24 hours,Open 24 hours,Open 24 hours,4.3,"1,009",37.5179526,127.081523,JamsilHanRiverPark.jpg
양재시민의숲,공원,Outdoor,"1980년대 개포지구 토지구획 정리사업의 일환으로 1983년에 착공하고 1986년 11월에 완공하여 문을 열었다. 1986년의 서울아시아경기대회와 1988년의 제24회 올림픽경기대회를 위해 서울특별시의 관문인 양재 톨게이트 주변에 조성한 공원으로, 다양한 수종의 숲이 볼만하다. 면적은 총 25만 8,992㎡이며 그 중 녹지대가 20만 5872㎡, 주차장이 5,972㎡, 광장이 7,211㎡, 기타 시설이 3만 9937㎡를 차지한다. 주요 시설물로는 조경시설로 잔디광장과 파고라(그늘막) 등이 있고 운동시설로 배구장·배드민턴장·테니스장이 있다.",Open 24 hours,Open 24 hours,Open 24 hours,Open 24 hours,Open 24 hours,Open 24 hours,Open 24 hours,4.4,486,37.4706864,127.0333837,YangjaeCitizens'Forest.jpg
올림픽경기장,스포츠 단지,Outdoor,"면적 54만 5000m2. 수용능력 20만 명. 동대문운동장과 장충체육관 등 기존시설만으로는 국내외의 스포츠 수요에 대응하기 어려움을 감안하여 서울시가 1976년 10월 건설기본계획을 수립하였다. 대한탁구협회가 건설할 계획이었던 사라예보 세계탁구제패 기념관을 흡수하여 이를 종합운동장 내의 실내체육관으로 확장 건설할 것을 결정했다. 실내체육관(7,000평 : 수용능력 2만 명)은 1979년 4월에 준공 ·개관하였고, 실내수영장(6000평 : 4,500명 수용)도 1980년 12월에 완공하였다. 1982년 6월 야구장(1만 8000평 : 5만 명 수용능력)이 준공되었고, 시설면적 4만 평에 수용인원 10만 명, 2층 구조 관람석을 갖춘 주경기장도 1984년 9월에 개장하였다. 이 밖에 보조경기장(2만 명 수용능력) ·데크플라자 ·주차장 ·녹지 등이 조성되었다. 지하철 2호선의 운동장 앞 경유, 입체교차로, 지하보도 등의 설치로 교통 소통을 원활히 하고 단지내에 기념탑과 기타 각종 편의시설을 갖추었다",Open 24 hours,Open 24 hours,Open 24 hours,Open 24 hours,Open 24 hours,Open 24 hours,Open 24 hours,4.2,909,37.5153144,127.0707589,OlympicStadium.jpg
송파나루공원,공원,Outdoor,"서울특별시 송파구 잠실동에 있는 호수로, 한강매립사업을 통해 형성되었다. 호수의 면적은 21만 7,850㎡이며 담수량은 636만t, 평균수심은 4.5m이다. 호수 조성 후 송파대로(서울 송파구의 남북을 가로지르는 간선도로)가 호수를 가로질러 가게 되면서부터 동호(東湖, 10만 5,785㎡)와 서호(西湖, 11만 2,065㎡)로 구분됐다.",Open 24 hours,Open 24 hours,Open 24 hours,Open 24 hours,Open 24 hours,Open 24 hours,Open 24 hours,4.4,510,37.5097431,127.1008244,SongpaNaruPark(Seokchon Lake Park).jpg
가락시장,시장,Outdoor,"시장은 청과시장, 채소시장, 건고추매장, 마늘매장, 수산시장, 건어물경매장, 축산시장, 직판시장, 청과관련시장, 건어물관련시장, 건어물창고 및 가공처리장, 냉동창고, 서비스동, 축산물직판장, 주유소, 주차장, 관리금융동으로 구분되어 있다. 청과시장은 462개의 점포, 수산시장은 206개의 점포, 축산시장은 육가공실·저장고, 주차장은 동시주차능력 4,850대를 갖추었다. 이밖의 시설로는 도축장, 소매시장, 수산관련 상품시장, 트럭단위 판매장 등이 있다. 편의시설로는 은행·우체국·관리사무실·유통정보실 등이 수용된 관리금융동과 휴게실·목욕탕·식당·이발관·매점 등의 휴식시설동이 있으며, 출하자와 반입차량의 운전 기사를 위한 무료휴게실이 마련되어 있다.",Open 24 hours,Open 24 hours,Open 24 hours,Open 24 hours,Open 24 hours,Open 24 hours,Open 24 hours,4,"1,171",37.4928569,127.1126744,GarakMarket.jpg
뚝섬 한강공원,공원,Outdoor,"한강공원이 조성되기 이전부터 강변유원지로 유명했던 곳입니다. 수상에서는 시원한 바람을 맞으며 낭만과 젊음을 만끽할 수 있는 윈드서핑, 수상스키, 모터보트 등 수상스포츠가 활발하게 이루어지고 있습니다.",Open 24 hours,Open 24 hours,Open 24 hours,Open 24 hours,Open 24 hours,Open 24 hours,Open 24 hours,4.3,"1,009",37.5291052,127.0678368,TtukseomHanRiverPark.jpg
서울시청,정부청사,Indoor,서울특별시의 자치행정을 총괄하는 행정기관.,9AM-6PM,9AM-6PM,9AM-6PM,9AM-6PM,9AM-6PM,Closed,Closed,4,195,37.5615506,126.9732605,SeoulCityHall.jpg
북서울 꿈의숲,공원,Outdoor,"다른 지역에 비해 공원이 부족한 서울 동북부 지역의 시민들에게 도심 속에서 자연을 느낄 수 있는 휴식 공간을 제공하는 데 목적이 있다. 숲의 형태는 친환경적 요소를 강조해 공원 전체에 걸쳐 지름 30-40㎝에 높이 20m의 나무 104종 42만 그루를 옮겨 심는다. 대표적인 나무 종은 참나무·서어나무·산벚나무 등이며, 한국 고유종이 대부분을 차지한다. 5개의 테마로 조성되는데, 제1테마는 뚝섬 문화예술공원으로, 광장·야외무대·아틀리에·게이트볼장·인공연못 등 시민들이 다양한 여가 활동을 즐길 수 있는 곳이다. 제2테마는 뚝섬 생태숲으로, 야생동물이 서식할 수 있도록 자연 그대로의 숲을 재현한 곳이다. 꽃사슴·고라니·다람쥐·다마사슴 등을 풀어 놓은 곳으로 가이드 동반하여 출입도 가능하다. 472m의 보행다리는 한강 선착장과 연결된다.",Open 24 hours,Open 24 hours,Open 24 hours,Open 24 hours,Open 24 hours,Open 24 hours,Open 24 hours,4.4,945,37.6214313,127.0384306,NorthSeoulDreamForest.jpg
노량진 수산시장,시장,Indoor,"서울특별시가 개설한 도매시장으로, 주력 사업은 생산자와 소비자의 이익을 보호하기 위해 전국에서 위탁된 대량·다종의 수산물을 공개경쟁매매 또는 정가·수의매매 등으로 판매하는 수탁판매(경매) 사업이다. 그밖에 주력사업의 효율적인 운영을 위해 부대시설 임대, 얼음 제조 및 판매, 냉동창고 운영, 주차장 운영 사업 등 부대사업을 수행한다. 주요 시설은 활어·선어·패류 등의 경매장(2,106평), 건어·젓갈 판매장(2,564평), 활어보관장, 중도매인사무실(2,308평), 출하주 휴게실, 간이 냉장고, 주차장(9,387평), 식당·약국·커피숍 같은 편의시설(712평) 등이다.",Open 24 hours,Open 24 hours,Open 24 hours,Open 24 hours,Open 24 hours,Open 24 hours,Open 24 hours,3.8,"7,033",37.5152131,126.9386684,NoryangjinFisheriesWholesaleMarket.jpg
보라매공원,공원,Outdoor,"면적 40만 7529m2. 공군사관학교로 쓰여오다가 1985년 12월 서울시에서 인수, 1986년 5월에 복지시설 위주의 시립공원으로 개원하였다. 주요 시설물로는 대운동장을 비롯하여 잔디광장, 독서실, 청소년수련장, 소동물원, 체육관, 수영장, 장애자복지관, 남부노인종합복지관 등이 있으며, 그 밖에 연못, 녹지, 산책로, 조깅코스 등이 마련되어 있다. ",Open 24 hours,Open 24 hours,Open 24 hours,Open 24 hours,Open 24 hours,Open 24 hours,Open 24 hours,4.3,"1,824",37.5152079,126.9057464,BoramaePark.jpg
롯데월드타워,관광명소,Indoor,대한민국에서 가장 높은 마천루. 서울특별시 송파구 신천동 롯데월드몰에 있는 초고층 빌딩으로 국내 최초로 100층을 넘긴 최고층(지상 123층) 건물이자 새로운 랜드마크다.,10AM-10PM,10AM-10PM,10AM-10PM,10AM-10PM,10AM-10PM,10AM-10PM,10AM-10PM,4.3,"13,492",37.5131507,127.1013039,LotteWorldTower.jpg
스타필드 코엑스 몰,쇼핑몰,Indoor,서울 강남구 삼성동에 위치한 대형 쇼핑몰&복합문화공간. 국내에 거의 최초로 들어선 복합쇼핑몰로 2000년 5월 코엑스몰이란 명칭으로 개장한 이후 명성을 떨치다 2016년 스타필드가 들어서며 스타필드 코엑스몰로 명칭이 변경되었다.,10:30AM-10PM,10:30AM-10PM,10:30AM-10PM,10:30AM-10PM,10:30AM-10PM,10:30AM-10PM,10:30AM-10PM,4.2,"8,899",37.5116833,127.056914,StarfieldCoexMall.jpg
서대문 독립공원,역사적 명소,Outdoor,"일제강점기에 의병투쟁, 3·1독립만세운동, 항일투쟁 등으로 투옥되어 옥고를 치르다 순국한 선열들을 기리기 위하여 조성되었다. 이곳의 옥사는 1908년 일제가 침략을 본격화하기 위하여 지은 근대식 감옥으로, 경성감옥이라는 명칭으로 문을 열었는데 항일투사들이 늘어나자 일제가 마포구 공덕동에 새로 감옥을 지어 1912년에 서대문감옥으로 명칭을 바꾸었다. 그후 1923년에는 서대문형무소로, 1946년에는 경성형무소로, 1950년에는 서울형무소로 바뀌었고 1961년에는 서울교도소로 개칭되었다가 1967년 7월에 서울구치소로 바뀌는 등 여러 차례 그 명칭이 바뀌었다.",Open 24 hours,Open 24 hours,Open 24 hours,Open 24 hours,Open 24 hours,Open 24 hours,Open 24 hours,4.5,53,37.5740613,126.9541663,SeodaemunIndependencePark.jpg
서대문 자연사박물관,박물관,Indoor,"대지면적 1만 174㎡, 연면적 6,959㎡에 지하 1층 지상 3층 규모로, 3개 주제관 및 부속시설로 이루어지며 수장고·교육실·연구실·표본제작실·훈증실·항온항습기실 등 부대시설이 있다. 1층에는 인간과 자연관·기획전시실·카페테리아·뮤지엄숍·시청각실·가상체험실이 자리잡고 있고, 2층에는 생명진화관·자료실, 3층에는 지구환경관·돌마당·나무마당이 있다. 전시물은 역사적인 흐름에 맞추어 시간적·공간적 순서에 따라 입체적인 디오라마(diorama) 형식으로 전시하며, 전시물 외에 동영상을 제공하고 여러 체험프로그램을 개발·운영한다. ",Closed,10AM-6PM,10AM-6PM,10AM-6PM,10AM-6PM,10AM-7PM,10AM-7PM,4.2,883,37.5759115,126.9344615,SeodaemunMuseumofNaturalHistory.jpg
화양동 느티나무 공원,공원,Outdoor,"서울특별시 기념물 제 2호 화양동 느티나무가 모여있는 공원이며, 총 7그루가 한 곳에 모여 자라고 있다. 나이는 700년 정도로 추정된다. 높이는 약28m이며, 7그루 총 둘레는 7.5m이다. 이곳처럼 7그루가 한 곳에 모여있는 광경음 보기 드물어 기념물로 지정하여 보호하고 있다.",Open 24 hours,Open 24 hours,Open 24 hours,Open 24 hours,Open 24 hours,Open 24 hours,Open 24 hours,4.4,5,37.5505389,127.072134,Hwahyang-dongzelkovaPark.jpg
광진광장공원,공원,Outdoor,"세종대 옆 사거리에 위치한 넓은 시민공원이다.  오밀조밀하고 복잡한 대학가 주변에 넓은 광장이 있어 좋은면은 있으나, 공간 활용도가 조금 떨어지는 면이 있다.",Open 24 hours,Open 24 hours,Open 24 hours,Open 24 hours,Open 24 hours,Open 24 hours,Open 24 hours,4,54,37.5505389,127.072134,GwangjinSquarePark.jpg
아남공원,공원,Outdoor,서울 성동구 성수동2가에 위치한 공원,Open 24 hours,Open 24 hours,Open 24 hours,Open 24 hours,Open 24 hours,Open 24 hours,Open 24 hours,3,7,37.5468721,127.0472021,AnamPark.jpg
한마음공원,공원,Outdoor,서울 광진구 중곡동에 위치한 공원.,Open 24 hours,Open 24 hours,Open 24 hours,Open 24 hours,Open 24 hours,Open 24 hours,Open 24 hours,3.9,28,37.5505389,127.072134,HanmaumPark.jpg
살곶이체육공원,공원,Outdoor,서울 성동구 사근동에 위치한 공원,Open 24 hours,Open 24 hours,Open 24 hours,Open 24 hours,Open 24 hours,Open 24 hours,Open 24 hours,3.9,305,37.5541209,127.0319534,SalgoiSportsPark.jpg
해오름공원,공원,Outdoor,서울 광진구 중곡동에 위치한 공원,Open 24 hours,Open 24 hours,Open 24 hours,Open 24 hours,Open 24 hours,Open 24 hours,Open 24 hours,3.1,25,37.5505389,127.072134,HaeoreumPark.jpg
간데메공원,공원,Outdoor,"서울특별시가 '공원녹지확충 5개년계획'의 일환으로 공원녹지가 부족한 동대문구 주택밀집 지역의 전매청 창고 자리에 조성한 공원으로, 1997년 12월 19일 착공하여 1998년 7월 18일 완공하고 문을 열었다. 공원 명칭은 옛날 답십리 일대에 있던 간데메(중산) 자연부락에서 따온 것이다. 면적은 총 1만 5,180㎡이다. 주요 시설물은 관리시설로 관리사무소와 나무다리 1개소가 있고 조경시설로 연못, 팔각정, 장미그늘시렁, 음수전, 사각정자 5개소가 있다. 운동시설로는 평행봉·게이트볼장·농구장·배드민턴장이 있이 있으며, 그밖에 편의시설로 안내판 5개소, 자전거 보관대 2개소, 의자 46개가 있다.",Open 24 hours,Open 24 hours,Open 24 hours,Open 24 hours,Open 24 hours,Open 24 hours,Open 24 hours,4,115,37.5733686,127.0311752,KandemePark.jpg
구의공원,공원,Outdoor,서울 광진구 구의동에 위치한 공원,Open 24 hours,Open 24 hours,Open 24 hours,Open 24 hours,Open 24 hours,Open 24 hours,Open 24 hours,4.3,57,37.5505389,127.072134,GuuiPark.jpg
용마폭포공원,공원,Outdoor,"면목동 산 1-4번지에 위치하는 용마폭포는 골재 채취장으로 사용하였던 용마산 암절벽을 이용하여 당시 동양 최대의 인공폭포와 공원을 조성하였다. 인공폭포는 총 세갈래의 폭포 줄기로 이루어져 있으며, 중앙의 폭포는 용마폭포, 좌측이 청룡폭포, 우측이 백마폭포이다. 용마폭포는 폭 3-10m, 2단으로 이루어진 51.4m의 높이를 자랑하고 있으며, 청룡폭포는 21m, 백마폭포는 21.4m로 이루어져 있다.",Open 24 hours,Open 24 hours,Open 24 hours,Open 24 hours,Open 24 hours,Open 24 hours,Open 24 hours,4.3,314,37.5505389,127.072134,YongmaFallsPark.jpg
아차산배수지체육공원,공원,Outdoor,서울 광진구 구의동에 위치한 체육공원,Open 24 hours,Open 24 hours,Open 24 hours,Open 24 hours,Open 24 hours,Open 24 hours,Open 24 hours,4.1,85,37.5505389,127.072134,AchasanDistributionSportsPark.jpg
답십리공원,공원,Outdoor,서울 동대문구 답십리동에 위차한 공원,Open 24 hours,Open 24 hours,Open 24 hours,Open 24 hours,Open 24 hours,Open 24 hours,Open 24 hours,4.7,9,37.5743965,127.0458959,DapsimniPark.jpg
정말어린이공원,공원,Outdoor,서울특별시 광진구 자양동에 위치한 공원,Open 24 hours,Open 24 hours,Open 24 hours,Open 24 hours,Open 24 hours,Open 24 hours,Open 24 hours,3.9,23,37.5505389,127.072134,jungmarChildren'sPark.jpg
용두근린공원,공원,Outdoor,서울시 동대문구 용두동에 위치한 공원,Open 24 hours,Open 24 hours,Open 24 hours,Open 24 hours,Open 24 hours,Open 24 hours,Open 24 hours,4.1,37,37.5732295,127.0217594,YongduNeighborhoodPark.jpg
장독골공원,공원,Outdoor,서울 광진구 자양동에 위치한 공원,Open 24 hours,Open 24 hours,Open 24 hours,Open 24 hours,Open 24 hours,Open 24 hours,Open 24 hours,4,9,37.5505389,127.072134,JangdoGolPark.jpg
향림근린공원,공원,Outdoor,서울 은평구 불광동에 위치한 공원,Open 24 hours,Open 24 hours,Open 24 hours,Open 24 hours,Open 24 hours,Open 24 hours,Open 24 hours,2.3,3,37.546733,127.0359255,HallimPark.jpg
왕십리문화공원,공원,Outdoor,서울 성동구 도선동에 위치한 공원,Open 24 hours,Open 24 hours,Open 24 hours,Open 24 hours,Open 24 hours,Open 24 hours,Open 24 hours,4.4,18,37.5617309,127.0177601,WangsimniCulturalPark.jpg
성수근린공원,공원,Outdoor,서울 성동구 성수동2가에 위치한 공원,Open 24 hours,Open 24 hours,Open 24 hours,Open 24 hours,Open 24 hours,Open 24 hours,Open 24 hours,3.5,27,37.5447332,127.0348978,SeongsuNeighborhoodPark.jpg
풀잎문화센터,문화센터,Indoor,"풀잎문화센터는 일반 학원과 복지관, 백화점문화센터와 차별화하여 가족적ㅇ니 분위기 속에서 아침 10시부터 저녁 9시 사이에 본인이 편한 시간을 이용 자유로이 선택 수강할 수 있으며, 또한 각 강좌 사범코스를 수료한 회원은 자격증 시험ㅇ르 시행 취득 후 강사활동을 할 수 있으며, 홈클래스 및 공방운영도 가능합니다.",10AM-9PM,10AM-9PM,10AM-9PM,10AM-9PM,10AM-9PM,Closed,Closed,4,2,37.539321,127.049844,Grass-LeafCultureCenter.jpg
광진문화예술회관,문화센터,Indoor,"광진문화예술회관 은 700 여석의 고급공연장과 전용 전시실을 비롯한 문화교실, 수영장, 인터넷정보검색실을 갖춘 종합 문화·여가공간으로 2005년 5월 그 첫 번째 마당을 열게 되었습니다. 특히 광진문화예술회관 내 나루아트센터는 고전음악은 물론 대중음악을 만족시키는 첨단 무대, 음향, 조명시설을 갖추고 1년 내내 끊이지 않는 공연 예술의 박동소리를 들을 수 있는 풍성한 공연 예술의 장이 되고, 100여 평 규모의 전용전시실에서는 미술, 사진전 등 수준 높은 전시회를 지속적으로 개최하여 구민 여러분들의 문화적 갈증을 해소시켜 드리고자 합니다.",6AM-10PM,6AM-10PM,6AM-10PM,6AM-10PM,6AM-10PM,6AM-10PM,6AM-10PM,4.1,82,37.5505389,127.072134,GwangjinCulture&ArtsCenter.jpg
서울교육문화센터,문화센터,Indoor,"예술교육정보자료관은 문화예술 교육활동을 지원하는 교육자료 및 다양한 예술 장르의 도서, 연구자료, 정기간행물, 영상자료 등 2만여 점이 넘는 자료를 소장하고 있는 예술교육전문자료관으로 문화예술교육정보의 허브 역할을 수행하며, 문화예술교육관련 네트워크를 위한 열린공간을 지향합니다. 2,4주 일요일, 법정 공휴일 휴관.",6AM-10PM,6AM-10PM,6AM-10PM,6AM-10PM,6AM-10PM,6AM-10PM,Closed,3.9,44,37.561926,127.0390355,SeoulEducation&CultureCenter.jpg
청담문화센타,문화센터,Indoor,"청담문화센터는 다양한 프로그램과 전문적인 강사진으로 운영되며 최고의 강좌를 개설운영하고 있으며, 주민의 말씀에 귀 기울여 불편사항 수시로 보완 개선하는데 최선을 다하고 있습니다. 아침요가, 힐링요가, 필라테스, 단전, 방송댄스, 댄스스포츠, 챠밍댄스, 한국무용, 민요소리&장구, 유아&초등미술, 유아발레, 키즈잉글리쉬, 플루트, 어린이레고, 수리셈 등 강습 운영 됩니다.",9AM-6PM,9AM-6PM,9AM-6PM,9AM-6PM,9AM-6PM,9AM-6PM,9AM-6PM,4,2,37.5250521,127.0317745,CheongdamCulturalCenter.jpg
광진구정보화교육센터,문화센터,Indoor,서울특별시 광진구 화양동에 위치한 교육 문화센터이다. 어르신들이 이용하기에 적합하다.,9:30AM-6PM,9:30AM-6PM,9:30AM-6PM,9:30AM-6PM,9:30AM-6PM,9:30AM-6PM,9:30AM-6PM,4.4,5,37.5505389,127.072134,Gwangjin-guInformationCenter.jpg
한국문화센터 건대지부,문화센터,Indoor,서울 광진구 뚝섬로에 위치한 문화센터,6AM-10PM,6AM-10PM,6AM-10PM,6AM-10PM,6AM-10PM,6AM-10PM,Closed,,,37.5412895,127.0496743,KoreaCultureCenter.jpg
중곡문화체육센터,스포츠 단지,Indoor,"중곡동을 상징하는 미래지향적인 친환경 빌딩으로, 역동적 디자인으로 주민들에거 열린 커뮤니티 광장을 조성하여 문화를 즐기며 삶을 건강하게 향유할 수 있는, 문화와 스포츠가 접목된 주민화합공간을 제공 합니다.",6AM-9PM,6AM-9PM,6AM-9PM,6AM-9PM,6AM-9PM,6AM-9PM,6AM-9PM,4.3,120,37.5505389,127.072134,JunggokCulturalSportsCenter.jpg
장안1동문화센터,문화센터,Indoor,서울시 동대문구 장안동에 위치한 문화센터,9AM-6PM,9AM-6PM,9AM-6PM,9AM-6PM,9AM-6PM,9AM-6PM,9AM-6PM,3.3,3,37.5505389,127.072134,Jangan1-dongCultureCenter.jpg
압구정평생학습관,문화센터,Indoor,"압구정로데오 거리에 위치한 지상 2-6층의 쾌적한 시설이다. 압구정 유일하게 마련되어 있는 요리교실이 있으며 그 밖에도, 헬스, 에어로빅, 요가, 탁구 등 다양한 건강, 체육 강좌 운영하고 있다. 또한 영어, 일본어, 중국어 등 부담 없이 배울 수 있는 어학 강좌도 운영하고 있다. 지역주민이 편리하고 저렴하게 이용가능한 종합 문화, 체육시설이다.",9AM-6PM,9AM-6PM,9AM-6PM,9AM-6PM,9AM-6PM,9AM-6PM,9AM-6PM,4,8,37.5272625,127.0182323,ApgujeongLifeLearningCenter.jpg
광진문화원,문화센터,Indoor,"광진문화원은 향토사료조사, 문화탐방, 우리문화체험교실, 어르신 문화프로그램, 전통성년례, 청소년 문예대제전 등의 문화예술행사를 기획 및 개최하고 있습니다. 또한, 나이와 계층을 초월하고, 문화가족들간의 만남과 소통을 원할하게 하기 위하여 300여개의 문화예술강좌를 운영하고, 다양한 동아리 활동을 지원하고 있습니다.",9AM-6PM,9AM-6PM,9AM-6PM,9AM-6PM,9AM-6PM,9AM-6PM,9AM-6PM,3.9,24,37.5505389,127.072134,GwangjinCulturalCenter.jpg
언더스탠드에비뉴,문화센터,Indoor,"언더스탠드에비뉴는 신한은행의 디지털 인프라를 결합하여 청년창업가들의 꿈을 키우고 실현시키는 혁신적인 창업 ∙ 창직 플랫폼입니다. 자신이 좋아하고 잘하는 일을 하며, 사회에 기여하는 미래 인재를 키우기위해 창업 ∙ 창직 교육부터 시장 테스트, 금융 및 투자 지원, 판매 유통 지원까지 원스톱 통합 솔루션을 제공합니다. 또한 취업 교육 및 유망 스타트업 구인 구직 매칭 등을 통해 취업을 희망하는 청년을 응원합니다.",10AM-10PM,10AM-10PM,10AM-10PM,10AM-10PM,10AM-10PM,10AM-10PM,10AM-10PM,4,53,37.5434438,127.0270002,Understandavenu.jpg
성동구건강가정지원센터,건강 센터,Indoor,성동구 건강가정·다문화가족지원센터는 2007년부터 한양대학교가 성동구청의 위탁을 받아 운영하고 있습니다. 건강가정지원센터를 개소한 이후 2011년 다문화가족지원센터까지 확대 개편되어 성동구의 가정 및 다문화가족을 위한 다양한 서비스를 지속적으로 제공하고 있습니다. ,9AM-6PM,9AM-6PM,9AM-6PM,9AM-6PM,9AM-6PM,9AM-6PM,9AM-6PM,4.3,4,37.5654117,127.0136123,Seongdong-guHealthandFamilySupportCenter.jpg
광진문화재단 나루아트센터,문화센터,Indoor,"광진문화재단나루아트센터는 광진구의 대표 문화 기관으로서 중추적인 역할을 담당하며 지역의 문화 특성과 니즈를 연구하여 소통에 앞장서고, 남녀노소 모두가 함께 할 수 있는 문화적 생태계를 구현을 목표로 하고있다. 또한 광진구만의 개성과 지역 문화에 맞춘 다양한 콘텐츠를 시도하여 양질의 곤영 서비스를 제공하고, 능동로 일대를 문화의 거리로 성하여 지역 예술의 상징적 공간으로 자리잡고 있다.",8AM-9PM,8AM-9PM,8AM-9PM,8AM-9PM,8AM-9PM,8AM-9PM,8AM-9PM,3.9,110,37.5505389,127.072134,GwangjinCulturalFoundationNaruArtsCenter.jpg
알렌센터,문화센터,Indoor,"의료 + 문화 + 라이프를 상징하는 의료문화복합공간으로, 일상 생활속에서 현대인들이 겪고있는 사소한 미병검진 치료부터 DNA 유전자 검진을 통한 암,난치병 전문치료를 진행하고 있으며, 줄기세포를 이용한 성형, 피부과 뷰티센터를 운영하고있습니다. 또한 개인 맞춤형 푸드테라피와 스파에스테틱 서비스를 제공하며 고품격 문화, 예술, 공연, 전시등을 통합 운영하는 국내유일 , 세계유일의 의료문화센터입니다.",8:30AM-9PM,8:30AM-9PM,8:30AM-9PM,8:30AM-9PM,8:30AM-9PM,8:30AM-9PM,Closed,,,37.525177,127.0304705,AllenCenter.jpg
성동문화재단,문화센터,Indoor,"성동문화재단은 다양한 문화자원을 보유한 성동구의 문화예술이 여러분과 함께 가장 가까운 곳에서 성동구민이 문화의 가치를 향유할 수 있는 토대를 마련하고자 설립되었습니다. 앞으로, 성동문화재단에서는 예술인들이 곳곳에서 문화 활동을 전개할 수 있도록 문화정책과 프로그램을 개발하고, 공연장, 도서관 등 관내 소재한 문화 시설을 더욱 효율적으로 활용하여 문화라는 매개체를 통하여 주민을 위해 다양한 문화 활동들을 활발히 펼쳐나갈 계획입니다. 나아가, 이처럼 귀한 문화와 예술을 성동구민 모두와 함께 나눔으로서, 문화가 다가가기 어렵고 고고한 예술이 아닌, 누구나 공평하게 향유할 수 있도록 하여 문화로 참여하고 문화로 소통하는 행복한 문화로 사람냄새가 물씬 나는 건강한 문화도시로 꽃피울 수 있도록 최선을 다해 노력하겠습니다.",9AM-6PM,9AM-6PM,9AM-6PM,9AM-6PM,9AM-6PM,9AM-6PM,9AM-6PM,,,37.5716772,127.0193874,SeongdongCulturalFoundation.jpg
에이트 인스티튜트,문화센터,Indoor,"에이트 인스티튜트는 Fine Art를 기반으로 한 아트 컨텐츠를 기획, 생산, 교육하는 문화예술 전문 교육기관으로서 Art Advisory Group을 지향합니다.",9AM-7PM,9AM-7PM,9AM-7PM,9AM-7PM,9AM-7PM,Closed,Closed,,,37.5261291,127.0294445,AitInstitute.jpg
삼성2동문화센터,문화센터,Indoor,서울 강남구 봉은사로에 위치한 문화센터,9AM-6PM,9AM-6PM,9AM-6PM,9AM-6PM,9AM-6PM,9AM-6PM,9AM-6PM,4.1,17,37.5111817,127.0284827,Samsung2-dongCultureCenter.jpg
CGV 강변,영화관,Indoor,서울특별시 광진구 광나루로에 위치한 영화관.,9:30AM-11PM,9:30AM-11PM,9:30AM-11PM,9:30AM-11PM,9:30AM-11PM,9:30AM-11PM,9:30AM-11PM,4,986,37.5505389,127.072134,CGVGangbyeon.jpg
CGV 왕십리,영화관,Indoor,서울특별시 성동구 왕십리광장로에 위치한 영화관,9:30AM-11PM,9:30AM-11PM,9:30AM-11PM,9:30AM-11PM,9:30AM-11PM,9:30AM-11PM,9:30AM-11PM,4.2,"1,262",37.5620999,127.020582,CGVWangsimni.jpg
롯데시네마 건대입구,영화관,Indoor,서울특별시 광진구 아차산로에 위치한 영화관,9:30AM-11PM,9:30AM-11PM,9:30AM-11PM,9:30AM-11PM,9:30AM-11PM,9:30AM-11PM,9:30AM-11PM,4.1,703,37.5505389,127.072134,LotteCinemaKonkukUniversityEntrance.jpg
롯데시네마 장안,영화관,Indoor,서울특별시 동대문구 답십리로에 위치한 영화관,9:30AM-11PM,9:30AM-11PM,9:30AM-11PM,9:30AM-11PM,9:30AM-11PM,9:30AM-11PM,9:30AM-11PM,3.8,132,37.5505389,127.072134,LotteCinemaJang-An.jpg
CGV 압구정 본관,영화관,Indoor,서울 강남구 논현로에 위치한 영화관,9:30AM-11PM,9:30AM-11PM,9:30AM-11PM,9:30AM-11PM,9:30AM-11PM,9:30AM-11PM,9:30AM-11PM,3.8,463,37.5244988,127.0113564,CGVApgujeong-dongMainBuilding.jpg
KU씨네마테크,영화관,Indoor,KU시네마테크는 건국대학교 예술문화관에 위치한 독립/예술영화관 이다.,9:30AM-11PM,9:30AM-11PM,9:30AM-11PM,9:30AM-11PM,9:30AM-11PM,9:30AM-11PM,9:30AM-11PM,4.3,85,37.5505389,127.072134,KUCinema.jpg
잠실자동차극장,자동차극장,Outdoor,서울특별시 송파구 잠실동에 위치한 자동차 극장,9:30AM-12PM,9:30AM-12PM,9:30AM-12PM,9:30AM-12PM,9:30AM-12PM,9:30AM-12PM,9:30AM-12PM,3.5,46,37.5172454,127.05122,JamsilMotorTheater.jpg
CGV 청담 씨네시티,영화관,Indoor,서울특별시 강남구 도산대로에 위치한 영화관,9:30AM-11PM,9:30AM-11PM,9:30AM-11PM,9:30AM-11PM,9:30AM-11PM,9:30AM-11PM,9:30AM-11PM,4.2,676,37.5228508,127.0195115,CGVCheongdamCinecity.jpg
혜화동돈가스극장,극장,Indoor,"서울에서도 종로구, 그중에서도 혜화동은 멋과 맛이 뛰어나기로 정평이 난 곳입니다. 혜화문에서, 혜화로터리, 혜화역에 이르는 수많은 길과 골목에는 청춘의 열기와 향수가 짙게 배어 있습니다. 골목마다 자리잡은 소극장들과 길가에 위치한 영화관! 그리고 마로니에공원 주변에는 오래된 상점들과 맛집들이 저마다의 추억을 간직하고 있습니다. 혜화동 돈까스극장은 혜화동에서도 오랜 시간 사랑을 받아왔던 돈까스, 함박과 떡볶이, 짬뽕, 우동, 냉면, 쫄면을 콜라보한 브랜드입니다. 전 메뉴와 소스를 본사에서 자체개발해 프리미엄화를 구축했으며, 동종업계 대비 최저가의 원부자재 공급을 원칙으로 하고 있습니다. 메뉴와 주방은 직영점 운영노하우를 기반으로 창업자의 편의성을 최대한 고려했습니다. 인테리어는 밝고 명랑한 소극장무대를 테마로, 추억이 간직될 친근한 공간을 추구하고 있습니다.",11AM-10PM,11AM-10PM,11AM-10PM,11AM-10PM,11AM-10PM,11AM-10PM,Closed,,,37.5505389,127.072134,Hyehwa-dongDongasTheater.jpg
롯데시네마 청량리,영화관,Indoor,서울특별시 동대문구 왕산로에 위치한 영화관.,9:30AM-11PM,9:30AM-11PM,9:30AM-11PM,9:30AM-11PM,9:30AM-11PM,9:30AM-11PM,9:30AM-11PM,4.1,843,37.5805621,127.0304806,LotteCinemaCheongnyangni.jpg
대한극장,영화관,Indoor,"대한 극장은 1958년 미국 20세기 폭스 필름의 설계에 따라 1,900여 개즈이 좌석을 갖추고 서울시 중구 충무로에 개관하였습니다. <벤허>,<사운드 오브 뮤직>,<킬링필드>,<마지막황제> 등 대작 위주의 상영을 고집합니다. 최근들어 극장의 형태가 멀티플렉스관으로 전환하는 추세에 따라 2001년 12월 15에 대규모 공사를 진행 수 재개관 하였다.",9:30AM-11PM,9:30AM-11PM,9:30AM-11PM,9:30AM-11PM,9:30AM-11PM,9:30AM-11PM,9:30AM-11PM,4,967,37.5610636,126.9778196,DaehanTheater.jpg
서울극장,영화관,Indoor,"1979년, 합동영화사가 종로에 터를 잡고 시작한 서울극장은 한 개의 스크린으로 시작하였습니다. 그리고 1989년에는 최초의 복합상영관으로 자리매김하며 멀티플렉스 시스템을 도입하였습니다. 총 11개관을 보유한 서울극장은 2017년 대대적인 리뉴얼을 통해 관객편의 시설을 확충하며 복합문화공간으로 거듭나기 위하여 노력하고 있습니다.",8AM-12PM,8AM-12PM,8AM-12PM,8AM-12PM,8AM-12PM,8AM-12PM,8AM-12PM,4.3,92,37.5697471,126.974182,SeoulTheater.jpg
롯데시네마 황학,영화관,Indoor,서울특별시 중구 청계천로에 위치한 영화관,9:30AM-11PM,9:30AM-11PM,9:30AM-11PM,9:30AM-11PM,9:30AM-11PM,9:30AM-11PM,9:30AM-11PM,3.8,12,37.5712514,127.0041318,LotteCinemaHwanghak-dong.jpg
롯데시네마 강동점,영화관,Indoor,서울특별시 강동구 천호옛길에 위치한 영화관.,9:30AM-11PM,9:30AM-11PM,9:30AM-11PM,9:30AM-11PM,9:30AM-11PM,9:30AM-11PM,9:30AM-11PM,3.8,590,37.5366748,127.1080164,LotteCinemaGangdong.jpg
대한극장 청담,극장,Indoor,"대한극장은 최고의 맛을 위한 집념 ,퀄리티가 다른 투뿔 등심의 지존, 옛추억과 마블링이 살아있는 집이다. 대표메뉴인 꽃등심과 불꽃 숙성 등심은 대한극장 대표 메뉴로서 1+등급이상의 최고급 한우만을 엄선하여 대한극장만의 노하우로 20일~35일 이상 숙성시켜 육즙이 살아있는게 특징. 타 매장과 다르게 토치와 불쇼로 눈과 입을 즐겁게 하는 비쥬얼과 맛을 다 갖춘 한우 전문점이다. 최상급의 살치살,갈비살과 같은 다른 업체에서 보기 힘든 소 배부위인 업진살 등을 주 메뉴로 판매하고 있다.",Open 24 hours,Open 24 hours,Open 24 hours,Open 24 hours,Open 24 hours,Open 24 hours,Open 24 hours,4.6,7,37.525324,127.0340902,DaehanTheaterCheongdam-dong.jpg
화양극장,음식점,Indoor,청담 명품거리에 위치한 분위기 좋은 술집입니다. 화양연화 컨셉으로 인테리어하여 색채돋는 술자리를 즐기실 수 있는 곳입니다.,Open 24 hours,Open 24 hours,Open 24 hours,Open 24 hours,Open 24 hours,Open 24 hours,Open 24 hours,3.9,17,37.5248923,127.0300478,HwayangTheater.jpg
청춘극장,극장,Indoor,서울특별시 중구 새문안로에 위치한 영화관.,Open 24 hours,Open 24 hours,Open 24 hours,Open 24 hours,Open 24 hours,Open 24 hours,Open 24 hours,,,37.5505389,127.072134,YouthTheater.jpg
CGV 건대입구,영화관,Indoor,서울특별시 광진구 아차산로에 위치한 영화관,9:30AM-11PM,9:30AM-11PM,9:30AM-11PM,9:30AM-11PM,9:30AM-11PM,9:30AM-11PM,9:30AM-11PM,3.7,20,37.5397613,127.0494215,CGV KonkukUniversityEntrance.jpg
롯데시네마 월드타워,영화관,Indoor,서울특별시 송파구 올림픽로 롯데월드 몰 내에 위치한 영화관.,9:30AM-11PM,9:30AM-11PM,9:30AM-11PM,9:30AM-11PM,9:30AM-11PM,9:30AM-11PM,9:30AM-11PM,4.4,"1,993",37.5140711,127.0875412,LotteCinemaLotteWorldTower.jpg
CGV 압구정 신관,영화관,Indoor,서울 강남구 압구정로에 위치한 영화관.,9:30AM-11PM,9:30AM-11PM,9:30AM-11PM,9:30AM-11PM,9:30AM-11PM,9:30AM-11PM,9:30AM-11PM,3.5,4,37.5242861,127.0118728,"CGVApgujeong,NewTheater .jpg"
메가박스 코엑스,영화관,Indoor,서울특별시 강남구 봉은사로에 위치한 영화관.,9:30AM-11PM,9:30AM-11PM,9:30AM-11PM,9:30AM-11PM,9:30AM-11PM,9:30AM-11PM,9:30AM-11PM,4.4,"1,805",37.5124447,127.041281,MegaboxStarfieldCOEXMall.jpg
메가박스 상봉,영화관,Indoor,서울특별시 중랑구 망우로에 위치한 영화관.,9:30AM-11PM,9:30AM-11PM,9:30AM-11PM,9:30AM-11PM,9:30AM-11PM,9:30AM-11PM,9:30AM-11PM,3.8,692,37.5931722,127.0571721,MegaboxSangbong.jpg
롯데시네마 브로드웨이(신사),영화관,Indoor,서울특별시 강남구 도산대로에 위치한 영화관,9:30AM-11PM,9:30AM-11PM,9:30AM-11PM,9:30AM-11PM,9:30AM-11PM,9:30AM-11PM,9:30AM-11PM,3.4,332,37.5165695,127.004235,LotteCinemaBroadway(Sinsa).jpg
메가박스 동대문,영화관,Indoor,서울특별시 중구 장충단로에 위치한 영화관.,9:30AM-11PM,9:30AM-11PM,9:30AM-11PM,9:30AM-11PM,9:30AM-11PM,9:30AM-11PM,9:30AM-11PM,4.2,904,37.5668686,126.9900682,MegaboxDongdaemun.jpg
CGV 상봉,영화관,Indoor,서울특별시 중랑구 상봉로에 위치한 영화관.,9:30AM-11PM,9:30AM-11PM,9:30AM-11PM,9:30AM-11PM,9:30AM-11PM,9:30AM-11PM,9:30AM-11PM,4,798,37.5975887,127.0748089,CGVSangbong.jpg
메가박스 EOE4,영화관,Indoor,서울특별시 중구 장충단로에 위치한 Megabox에서 운영하는 자동차 영화관.,9:30AM-11PM,9:30AM-11PM,9:30AM-11PM,9:30AM-11PM,9:30AM-11PM,9:30AM-11PM,9:30AM-11PM,3.9,12,37.5512593,126.9849303,MegaboxEOE4.jpg
돈호야군자점,일본 음식점,Indoor,돈호야 군자점은 오픈하면서 부터 고객들의 관심과 발길이 끊이지 않고 있다. 돈호야 군자점만의 독특한 맛과 아늑한 인테리어 그리고 편안한 접객서비스로 고객들을 뜰어들이고 있다.,10AM-9PM,10AM-9PM,10AM-9PM,10AM-9PM,10AM-9PM,10AM-9PM,10AM-9PM,3.6,5,37.5505389,127.072134,DonhoyaGunja.jpg
조씨네 고기국수,음식점,Indoor,건대에서 국수를 찾는다면 당연 조씨네고기국수.,11:30AM-3PM,11:30AM-3PM,11:30AM-3PM,11:30AM-3PM,11:30AM-3PM,11:30AM-3PM,11:30AM-3PM,4.1,101,37.5505389,127.072134,Cho'smeatnoodle.jpg
Tokyo420,일본 음식점,Indoor,건대 일식 맛집 도쿄420. 일본 현지에서 맛볼 수 있는 한 그릇 요리. 가성비 좋고 맛있는 요리들을 판매하는 곳이다. 건대 건국문 쪽에는 잘 꾸며진 식당이 몇 없어서 유난히 돋보이는 식당이다. ,11:30AM-9PM,11:30AM-9PM,11:30AM-9PM,11:30AM-9PM,11:30AM-9PM,11:30AM-9PM,11:30AM-9PM,3.6,83,37.5505389,127.072134,Tokyo420.jpg
대명소곱창,음식점,Indoor,"군자역 먹자골목 안 곱창집 중에서 손꼽히는, 군자역 토박이 맛집 대명소곱창입니다. 기분좋은 맛은 역시 서비스가 마지막인듯, 챙겨주고 맛나게 구워주는 그맛이 역시 끝내줍니다.",15AM-12PM,15AM-12PM,15AM-12PM,15AM-12PM,15AM-12PM,15AM-12PM,15AM-12PM,4.1,70,37.5505389,127.072134,DaemyungSopchang.jpg
소문난 성수 감자탕,음식점,Indoor,"30년이 넘게 사랑받고있는 옛날식감자탕 맛집입니다. 국내산 돼지 등뼈와 잡뼈를 24시간 고와낸 육수가 특징입니다. 뼈와 살코기, 감자를 넣고 단순하게 끓여낸 옛날 방식의 감자국 식사 메뉴가 인기입니다. 간단한 식사로 뼈해장국도 인기입니다.",Open 24 hours,Open 24 hours,Open 24 hours,Open 24 hours,Open 24 hours,Open 24 hours,Open 24 hours,2,2,37.5428492,127.0368908,SomunnanGamjatang(PorkBoneSoup).jpg
건국갈비,음식점,Indoor,안녕하세요. 건국갈비 입니다. 저희 가게를 1998 년 이후로 꾸준히 찾아 주셔서 감사합니다. 더 나은 서비스와 맛으로 꾸준히 여러분 곁에 있겠습니다.,10AM-10PM,10AM-10PM,10AM-10PM,10AM-10PM,10AM-10PM,10AM-10PM,Closed,3.7,18,37.5505389,127.072134,Konkukgalbi.jpg
명문한우가,한국식 소고기 전문 음식점,Indoor,"내 가족을 위한 안심 먹거리를 지향하는 명문한우가는 탕국 한 그릇에도 전통의 비법을 중시하여 가마솥에 소의 각 부위를 푸짐히 넣고 정성과 진심으로 끓여낸다. 특상등급 한우를 부답스럽지 않은 저렴한 가격으로 제공하여 회식자리나 데이트에도 안성맞춤이다. 갈비탕, 차돌된장찌개를 서비스로 제공하는 산채비빔밥은 저렴한 가격으로 판매해 점심시간엔 학생부터 직장인들까지 다양한 손님들로 언제나 북적인다. 어린이대공원역 근처에 있어 가족나들이, 데이트 후 식사를 하기에 좋고, 인근에는 건국대와 세종대가 있어서 활기찬 젊음의 느낌도 만끽할 수 있다. 회식, 데이트, 간단한 점심식사를 위한 장소를 찾고있다면 명문한우가를 추천한다.",10AM-10PM,10AM-10PM,10AM-10PM,10AM-10PM,10AM-10PM,10AM-10PM,10AM-10PM,3,5,37.5505389,127.072134,MwungmunBeefRestaurant.jpg
벨피아또,이탈리아 음식점,Indoor,"건대 앞 더클래식500 건물에 있는 이탈리안 레스토랑입니다. 코스요리에서부터 전채요리, 메인요리, 디저트 등의 단품까지 다양하게 준비하고 있습니다. 파스타는 생면과 건면을 원하는 종류로 고를수 있지요. 드라이에이징한 쇠고기로 만든 스테이크는 육즙이 살아있다는 평을 듣고 있지요.",11:30AM-3:30PM,11:30AM-3:30PM,11:30AM-3:30PM,11:30AM-3:30PM,11:30AM-3:30PM,11:30AM-3:30PM,11:30AM-3:30PM,4,133,37.5505389,127.072134,BelPiatto.jpg
매드포갈릭 건대스타시티점,이탈리아 음식점,Indoor,마늘로 풍미를 더하고 와인을 즐길 수 있는 매드포갈릭입니다. 분위기와 맛 모두 즐겨보세요!,11:30AM-10PM,11:30AM-10PM,11:30AM-10PM,11:30AM-10PM,11:30AM-10PM,11:30AM-10PM,11:30AM-10PM,3.7,76,37.5505389,127.072134,MADFORGARLIC.jpg
페스타마레,이탈리아 음식점,Indoor,이탈리아에서 유명한 파스타 체인점이다. 파스타리또는 점원들도 친절하고 편안한 분위기의 레스토랑이라 관광객들이 편안하게 음식을 즐기기에 안성맞춤인 곳이다.,11:30AM-10PM,11:30AM-10PM,11:30AM-10PM,11:30AM-10PM,11:30AM-10PM,11:30AM-10PM,11:30AM-10PM,3.7,32,37.5505389,127.072134,Pestamare.jpg
개미집,음식점,Indoor,"불고기 낙지볶음으로 건대 앞에서만 3호점을 오픈한 곳입니다. 형제들이 각각 1,2,3호의 가게를 하나씩 운영하고 있습니다. 낙지와 돼지고기를 기본 재료로 호박,양배추, 깻잎 등의 야채를 넣고, 고추가루 양념에 땅콩 가루를 뿌려 볶아냅니다. 별도의 육수를 사용하지 않고 낙지와 각종 야채에서 우러나온 국물로 맛을 냅니다. 남은 양념 국물에 볶아낸 볶음밥도 인기입니다. 술 또는 음료는 필수로 주문해야 하니 참고하세요.",10AM-12PM,10AM-12PM,10AM-12PM,10AM-12PM,10AM-12PM,10AM-12PM,10AM-12PM,3.8,84,37.5505389,127.072134,Gaemijib.jpg
바베양장,음식점,Indoor,성수동에서 핫한 맛집이다. 가게 안 분위기는 양장점같이 꾸며놓은 공간으로 복고스러운 분위기다. 메뉴는 모든 고기 숯불바베큐로 제공되어 있다. 합리적인 가격으로 숯불 바베큐와 맥주 등을 즐길 수 있다.,11:00AM-11:30PM,11:00AM-11:30PM,11:00AM-11:30PM,11:00AM-11:30PM,11:00AM-11:30PM,11:00AM-11:30PM,11:00AM-11:30PM,3.7,58,37.542462,127.0359435,BarbeYangjang.jpg
소세지연구소 부대전골,음식점,Indoor,직접만든 국내산 독일식 수제 소세지로 샤브 부대전골을 맛보세요.,10AM-10PM,10AM-10PM,10AM-10PM,10AM-10PM,10AM-10PM,10AM-10PM,Closed,4.9,8,37.5484923,127.0352974,SausageLab.jpg
빠오즈푸,딤섬 전문 레스토랑,Indoor,"가성비 좋은 만두 맛집으로 대학가에서 유명한 ‘빠오즈푸’. 대표 메뉴는 부드러운 만두피 속 풍부한 고기의 육즙을 느낄 수 있는 ‘고기 빠오즈’와 탱글탱글한 새우로 속을 채운 ‘새우 지짐 만두’. 특히 지짐 만두는 한쪽 면만을 구워내 바삭한 식감과 함께 속은 찐만두와 같이 촉촉함을 유지하고 있는 것이 일품이다. 또한 발효된 밀가루 반죽으로 피를 만들어 만두를 먹은 후에도 속이 편한 것이 특징. 우리나라의 만둣국과 비슷한 ‘훈둔면’은 별미 메뉴로 아삭한 식감을 더해줄 숙주와 작은 만두, 중면이 들어있다. 면을 넣지 않으면 면대신 훈둔을 더 넣어주니 주문 시 참고할 것.",11:30AM-8:30PM,11:30AM-8:30PM,Closed,11:30AM-8:30PM,11:30AM-8:30PM,11:30AM-8:30PM,11:30AM-8:30PM,4.1,220,37.5505389,127.072134,Phaozupu.jpg
엉뚱식당 한우전문점,음식점,Indoor,서울 동대문구 장한로에 위차한 한우전문 식당이다.,10AM-10PM,10AM-10PM,10AM-10PM,10AM-10PM,10AM-10PM,10AM-10PM,10AM-10PM,4.9,9,37.5649299,127.0497051,UngttungBeefRestaurant.jpg
샹그라,음식점,Indoor,"가게 앞 홍등을 비롯해서 실내 곳곳을 레드 컬러를 포인트로 넣고 중국 현지에서 공수한 오리엔탈 느낌의 소품으로 꾸민 모습이 고풍스러운 느낌이 드는 곳인데요, 자장면, 굴짬뽕, 탕수육 등의 단품 메뉴와 코스 요리가 두루 준비되어 있지요.",11AM-10PM,11AM-10PM,11AM-10PM,11AM-10PM,11AM-10PM,11AM-10PM,11AM-10PM,4,1,37.5505389,127.072134,Syang-Geula.jpg
매화반점,중국 음식점,Indoor,탕수육과 양꼬치로 유명한 중국요리 전문점. 저녁시간에는 줄을 서서 기다려 먹어야 할 만큼 인기가 많다. 이 곳에 메인 요리인 양꼬치는 구워나오기 때문에 연하고 부드러운 최상의 상태로 맛을 볼 수 있다. 또한 식감이 매우 좋은 가지 튀김도 인기 메뉴이다.,Open 24 hours,Open 24 hours,Open 24 hours,Open 24 hours,Open 24 hours,Open 24 hours,Open 24 hours,3.7,606,37.5505389,127.072134,MaehwaChinesefood.jpg
투썸플레이스 어린이대공원역점,카페,Indoor,서울 광진구 광나루로에 위치한 ATwosomePlace.,8AM-11:30PM,8AM-11:30PM,8AM-11:30PM,8AM-11:30PM,8AM-11:30PM,8AM-11:30PM,8AM-11:30PM,3.9,47,37.5505389,127.072134,ATwosomePlaceChildren'sGrandParkStation.jpg
벨롱에스프레소,카페,Indoor,"벨롱의 대표메뉴라고 할 수 있는 티라미수, 아이스 플랫화이트 등이 유명하며 에스프레소, 아메리카노, 카페라떼 등 기본적인 커피와 다양한 음료가 준비되어 있다.",11AM-10:30PM,11AM-10:30PM,11AM-10:30PM,11AM-10:30PM,11AM-10:30PM,11AM-10:30PM,11AM-10:30PM,4.1,21,37.5505389,127.072134,BellonEspresso.jpg
롬곡,카페,Indoor,"슬픔이 모여 작은 눌물을 흘리고, 그 눈물이 마르도록 뒤집에 널어,  벽과 바닥에  흐르도록 만든 모든 것을 그녀를 위해 직접 인테리어 하고 꾸며 놓은 세상에서 하나뿐인 슬픔을 간직한 까페 롬곡입니다. 저희 카페는 커피만 취급하는 방식이 아닌 술과 와인을 같이 구비해 두고 있으며 편하게 쉴수 있는 공간을 제공해 드리고 싶은 마음에 정숙과 금연을 원칙으로 하고 있습니다. 언제든지 쉴수 있도록 오전 10시부터 새벽 두시까지 운영을 하고 있으며 주인장 마음대로 새벽 6시까지도 운영하곤 합니다. 모든것이 주인장 마음대로인 롬곡으로 여러분을 초대합니다.",11AM-11PM,11AM-11PM,11AM-11PM,11AM-11PM,11AM-11PM,11AM-11PM,11AM-11PM,4.4,23,37.5505389,127.072134,Lomgog.jpg
카페레가토(CAFFE' LEGATO),카페,Indoor,"화양사거리 근처 골목에 자리 잡은 카페. 매장 구석구석 놓여 있는 초록빛 식물들이 싱그러운 느낌을 자아낸다. 대표 메뉴는 진한 커피 위에 달콤하면서도 짭조름한 크림을 올린 ‘아인슈페너’. 바삭하게 구운 호밀빵과 시원한 바닐라 아이스크림을 함께 즐기는 ‘아이스크림 샌드위치’도 인기 메뉴이다. 이외에도 매장에서 직접 만드는 스콘, 머랭 쿠키, 샌드위치 등 다양한 디저트 메뉴를 만나볼 수 있다.",11:30AM-11PM,Closed,11:30AM-11PM,11:30AM-11PM,11:30AM-11PM,11:30AM-11PM,11:30AM-11PM,,,37.5463294,127.0500747,CAFFE' LEGATO.jpg
카페 호이,카페,Indoor,"건대 카페 호이는 건대입구역 6번 출구에서 도보 5분 정도 걸리는 초역세권 카페입니다. 카페는 총 2층으로 구성되어 있으며, 1층운 테이블이 하나와 주문과 결제가 가능한 카운터가 있고, 남자화장실이 있습니다. 편하게 매장을 이용하시려면 2층에 자리를 맡은 후 1층에 와서 음료를 주문하시면 됩니다.",11AM-12PM,11AM-12PM,11AM-12PM,11AM-12PM,11AM-12PM,11AM-12PM,11AM-12PM,4.3,9,37.5505389,127.072134,CafeHoy.jpg
(주)바나나토크,카페,Indoor,"카페와 브런치를 동시에 즐길 수 있는 어린이대공원의 브런치 카페. 어린이대공원을 산책한 후에 따뜻한 커피 한 잔으로, 출출한 배를 채우기에도 좋다. 실내는 자리가 넓고 쾌적하며 야외 테라스도 이용할 수 있다. 모임, 친구, 연인 모두에게 추천한다.",11AM-11PM,11AM-11PM,11AM-11PM,11AM-11PM,11AM-11PM,11AM-11PM,11AM-11PM,3.5,56,37.5505389,127.072134,Bananatalk.jpg
카페데코믹스 건대점,카페,Indoor,건대에 위치한 다양한 장르의 3만여 권의 책과 커피와 고양이 및 다양한 글거리가 있는 문화공간 카페데코믹스 건대점입니다. 조용한 분위기에 쾌적한 환경으로 3만여 권의 책과 커피가 살아 숨 쉬는 공간입니다. 다양한 글거리와 고양이가 있는 공간으로 스터디나 회의 북 카페 파티가 함께 하는 공간으로 책을 좋아하는 사람들의 모임을 가질 수 있는 꿈의 공간입니다. 책장 한가득 꽂힌 책들과 독서를 위한 센스 있는 소품들!! 아기자기한 인테리어까지 모든 것을 갖춘 공간 카페데코믹스 입니다.,12AM-12PM,12AM-12PM,12AM-12PM,12AM-12PM,12AM-12PM,10AM-12PM,10AM-12PM,4.1,25,37.5505389,127.072134,CafedecomicsKonkukUniversity.jpg
감성다방,카페,Indoor,"전통 재료를 이용한 다양한 음료와 디저트를 만드는 ‘감성다방’. 대표 메뉴는 우유에 수삼을 넣고 시원하게 갈아낸 ‘수삼쉐이크’. 우유의 고소함과 수삼의 향긋함이 만나 건강한 맛을 선사한다. 취향에 따라 사과, 바나나를 추가하여 더욱 달콤하게 먹을 수 있다. 간단하게 즐길 수 있는 식사류도 준비되어 있으니 참고.",11:30AM-11PM,Closed,11:30AM-11PM,11:30AM-11PM,11:30AM-11PM,11:30AM-11PM,11:30AM-11PM,4.5,23,37.5505389,127.072134,EmotionalTearoom.jpg
투썸플레이스 아차산역,카페,Indoor,서울 광진구 천호대로에 위치한 ATwosomePlace.,8AM-11:30PM,8AM-11:30PM,8AM-11:30PM,8AM-11:30PM,8AM-11:30PM,8AM-11:30PM,8AM-11:30PM,4.1,56,37.5505389,127.072134,ATwosomePlaceAchasan.jpg
투썸플레이스군자역점,카페,Indoor,서울 광진구 능동로에 위치한 ATwosomePlace.,8AM-11PM,8AM-11PM,8AM-11PM,8AM-11PM,8AM-11PM,8AM-11PM,8AM-11PM,3.6,30,37.5505389,127.072134,ATwosomePlacevGunjaStation.jpg
탐앤탐스군자역점,카페,Indoor,서울 광진구 능동로에 위치한 Tom N Toms Coffee.,Open 24 hours,Open 24 hours,Open 24 hours,Open 24 hours,Open 24 hours,Open 24 hours,Open 24 hours,3.8,30,37.5505389,127.072134,TomNTomsCoffeeGunjaStation.jpg
케이이스케이프,카페,Indoor,"60분 이내에 주어진 미션을 해결하여 탈출해야하는 신개념 문화/여가 시설입니다.  테마 룸 입장 후 주어진 시나리오에 따라 출입구는 봉쇄되며, 여러분의 명석한 두뇌로 주어진 퀴즈를 해결해 탈출하세요.",10AM-11:15PM,10AM-11:15PM,10AM-11:15PM,10AM-11:15PM,10AM-11:15PM,10AM-11:15PM,10AM-11:15PM,3.8,4,37.5505389,127.072134,KEscape.jpg
와플그란데,카페,Indoor,"세종대 후문에 위치한 와플카페. 매장은어두운 남색으로 차분한 느낌을 깔아주고, 메뉴가 한눈에 들어올 수 있도록 옐로우를 포인트로 잡았다.",8AM-10PM,8AM-10PM,8AM-10PM,8AM-10PM,8AM-10PM,11AM-7PM,11AM-7PM,4.3,13,37.5505389,127.072134,WaffleGrande.jpg
더착한커피세종대점,카페,Indoor,서울 광진구 능동로에 위치한 더착한커피.,11AM-12PM,11AM-12PM,11AM-12PM,11AM-12PM,11AM-12PM,11AM-12PM,11AM-12PM,3.5,2,37.5505389,127.072134,MoregoodcoffeeSejongUniversity.jpg
이디야 성수우리W타워점,카페,Indoor,서울 성동구 아차산로에 위치한 이디야커피,8AM-10PM,8AM-10PM,8AM-10PM,8AM-10PM,8AM-10PM,8AM-10PM,Closed,3.3,20,37.5448163,127.0447038,EdiyaCoffeeSeongsuWooriWTower.jpg
샹그리라,카페,Indoor,고양이를 위한 고양이들의 천국! 건대 고양이카페 샹그리라입니다. 깨끗하고 냄새나지 않는 고양이카페를 찾으시나요? 다양한 종류의 관리 잘 된 고양이들을 보고싶으신가요? 애교 많고 사이 좋은 개냥이 고양이들과 힐링하고 싶으신가요? 고오급스러운 엔틱가구들과 다양한 종류의 스탠다드 고양이들을 만나볼 수 있는 사랑스러운 공간에 여러분을 초대합니다! 털이 전혀 나지 않는 6마리의 스핑크스고양이들의 애교는 덤!,12AM-10PM,12AM-10PM,12AM-10PM,12AM-10PM,12AM-10PM,12AM-10PM,12AM-10PM,4.2,25,37.5505389,127.072134,Shangri-La.jpg
Cafe Mummy,카페,Indoor,여자들의 감성을 자극하는 아기자기한 인테리어가 특징인 건대근처에 위치한 작은 카페이다.,12AM-10PM,12AM-10PM,12AM-10PM,12AM-10PM,12AM-10PM,12AM-10PM,12AM-10PM,3,1,37.5505389,127.072134,CafeMummy.jpg
마우스래빗,카페,Indoor,건대입구역에 위치한 분위기 좋고 맛스러운 카페입니다.,10AM-11:30PM,10AM-11:30PM,10AM-11:30PM,10AM-11:30PM,10AM-11:30PM,10AM-11:30PM,10AM-11:30PM,4.6,252,37.5505389,127.072134,MouseRabbitCoffee.jpg
어니언,카페,Indoor,어니언 감성공작단. 새로운. 문화공간을 제공합니다. 아름다운. 커피를 발견하고 연구합니다.  다채로운. 기술을 접목시키고 있습니다. 우리가 체험하고 느낀 모든 감정을 제공 하고 있습니다. 만나는 모든 마음에 닿기를 바랍니다.,8AM-10PM,8AM-10PM,8AM-10PM,8AM-10PM,8AM-10PM,8AM-10PM,8AM-10PM,4.1,165,37.5446969,127.0407063,Onion.jpg
최가커피,카페,Indoor,"이 곳은 직접 로스팅한 커피를 맛 볼수 있는 카페이다. 핸드드립커피로 유명하기도 하고, 메뉴판은 커피의 종류로 빼곡할 정도로 다양하다. 내부는 다락방같은 분위기로 아기자기한 인테리어와 쌓아놓은 책으로 아늑하다 . 사장님이 로스팅에 대해 박식한 분이어서 커피에 대한 친절한 설명을 해준다.",11:30AM-11:50PM,11:30AM-11:50PM,11:30AM-11:50PM,11:30AM-11:50PM,11:30AM-11:50PM,11:30AM-11:50PM,12AM-11PM,4.5,81,37.5505389,127.072134,Choi-gaCoffee.jpg
엔제리너스 건대역점,카페,Indoor,서울 광진구 능동로에 위치한 Angel-in-us커피전문점.,Open 24 hours,Open 24 hours,Open 24 hours,Open 24 hours,Open 24 hours,Open 24 hours,Open 24 hours,3.9,175,37.5505389,127.072134,Angel-in-usKonkukUniversity.jpg
헨델과그레텔,카페,Indoor,세종대학교 충무관 내부에 위치한 카페.,8AM-8:50PM,8AM-8:50PM,8AM-8:50PM,8AM-8:50PM,8AM-8:50PM,9:30AM-5:40PM,Closed,4.1,10,37.5505389,127.072134,HandelandGretel.jpg
투썸플레이스 건대입구점,카페,Indoor,서울 광진구 능동로13길에 위치한 ATwosomePlace.,Open 24 hours,Open 24 hours,Open 24 hours,Open 24 hours,Open 24 hours,Open 24 hours,Open 24 hours,,,37.5505389,127.072134,ATwosomePlaceKonkukUniversityEntrance.jpg
커피빈코리아 건대스타시티점,카페,Indoor,서울 광진구 능동로에 위치한 커피빈코리아.,8AM-11PM,8AM-11PM,8AM-11PM,8AM-11PM,8AM-11PM,8AM-11PM,8AM-11PM,4.2,12,37.5505389,127.072134,TheCoffeeBeanAndTeaLeaf.jpg
엔젤리너스 건대스타시티점,카페,Indoor,서울 광진구 아차산로에 위치한 Angel-in-us커피전문점.,8AM-11PM,8AM-11PM,8AM-11PM,8AM-11PM,8AM-11PM,7AM-11PM,7AM-11PM,3.6,5,37.5505389,127.072134,Angel-in-usKonkukUniversityLotteDepartment Store.jpg
커피마켓,카페,Indoor,서울특별시 광진구 화양동 3-71에 위치한 작은 카페.,Open 24 hours,Open 24 hours,Open 24 hours,Open 24 hours,Open 24 hours,Open 24 hours,Open 24 hours,3.7,73,37.5505389,127.072134,CoffeeMarket.jpg
스타벅스 장한평역점,카페,Indoor,서울 동대문구 장한로에 위치한 Starbucks커피전문점.,7AM-11PM,7AM-11PM,7AM-11PM,7AM-11PM,7AM-11PM,7AM-11PM,8AM-11PM,4.1,113,37.5622228,127.0480034,StarbucksJanghanpyeongstation.jpg
할리스커피 테크노마트점,카페,Indoor,서울 광진구 강변역로에 위치한 할리스커피.,9:15AM-10PM,9:15AM-10PM,9:15AM-10PM,9:15AM-10PM,9AM:15-10:30PM,9:15AM-10:30PM,9:15AM-10:30PM,4.3,3,37.5505389,127.072134,HollysCoffeeTechnoMart.jpg
스타벅스 건대입구점,카페,Indoor,서울 광진구 능동로 107에 위치한 Starbucks커피전문점.,7AM-11PM,7AM-11PM,7AM-11PM,7AM-11PM,7AM-11PM,8AM-11PM,8AM-11PM,3.7,190,37.5505389,127.072134,StarbucksKonkukUniversityEntrance.jpg
스타벅스 군자역점,카페,Indoor,서울 광진구 천호대로 548에 위치한 Starbucks커피전문점.,7AM-11PM,7AM-11PM,7AM-11PM,7AM-11PM,7AM-11PM,7AM-11:30PM,7AM-11:30PM,3.9,122,37.5505389,127.072134,StarbucksGunjastation.jpg
카페베네 장안점,카페,Indoor,서울 동대문구 천호대로 375에 위치한 카페베네 커피전문점.,8AM-12PM,8AM-12PM,8AM-12PM,8AM-12PM,8AM-12PM,8AM-12PM,8AM-12PM,3.6,40,37.5623146,127.0432299,CaffeBeneJang-An.jpg
엔제리너스 건대병원,카페,Indoor,서울 광진구 능동로 건대병원 내에 위치한 Angel-in-us 커피전문점.,Open 24 hours,Open 24 hours,Open 24 hours,Open 24 hours,Open 24 hours,Open 24 hours,Open 24 hours,3.3,74,37.5505389,127.072134,Angel-in-usKonkukUniversityMedicalCenter.jpg
모카하마,카페,Indoor,서울특별시 광진구 화양동 495-18에 위치한 작은카페.,9AM-9PM,9AM-9PM,9AM-9PM,9AM-9PM,9AM-9PM,Closed,Closed,3.9,7,37.5505389,127.072134,Mokahama.jpg
투썸플레이스 장안점,카페,Indoor,서울 동대문구 장한로 73에 위치한 ATwosomePlace 커피전문점.,11AM-12PM,11AM-12PM,11AM-12PM,11AM-12PM,11AM-12PM,11AM-12PM,11AM-12PM,3.4,20,37.5505389,127.072134,ATwosomePlaceJang-An.jpg
몽골 울란바타르 문화진흥원,문화센터,Indoor,"몰공울란바타르 문화진흥원은 낯설고 멀게만 느껴지는 몽골을 우리 사회에 부다 잘 소개하기 위해 한국과 몽골 양국의 수도인 서울시와 울란바타르시의 지원 하에 2001년 설립되었습니다. 설립 이후 매년 재한몽골인을 위한 나담 축제 행사를 개최하였으며, 몽골문화한마당, 몽골봉사단, 몽골어학당 등 다양한 교류활동을 통해 한국과 몽골을 잇는 가교 역할을 감당하고 있습니다.",9AM-6PM,9AM-6PM,9AM-6PM,9AM-6PM,9AM-6PM,Closed,Closed,3.5,4,37.5505389,127.072134,UlaanbaatarMongoliaCulturalInstitute.jpg
성수아트홀,공연예술 극장,Indoor,"성동문화재단은 다양한 문화자원을 보유한 성동구의 문화예술이 여러분과 함께 가장 가까운 곳에서 성동구민이 문화의 가치를 향유할 수 있는 토대를 마련하고자 설립되었습니다. 앞으로, 성동문화재단에서는 예술인들이 곳곳에서 문화 활동을 전개할 수 있도록 문화정책과 프로그램을 개발하고, 공연장, 도서관 등 관내 소재한 문화 시설을 더욱 효율적으로 활용하여 문화라는 매개체를 통하여 주민을 위해 다양한 문화 활동들을 활발히 펼쳐나갈 계획입니다. 나아가, 이처럼 귀한 문화와 예술을 성동구민 모두와 함께 나눔으로서, 문화가 다가가기 어렵고 고고한 예술이 아닌, 누구나 공평하게 향유할 수 있도록 하여 문화로 참여하고 문화로 소통하는 행복한 문화로 사람냄새가 물씬 나는 건강한 문화도시로 꽃피울 수 있도록 최선을 다해 노력하겠습니다.",Open 24 hours,Open 24 hours,Open 24 hours,Open 24 hours,Open 24 hours,Open 24 hours,Open 24 hours,4.3,96,37.5454017,127.0294472,SeongsuArtHall.jpg
홍대돈부리 건대점,음식점,Indoor,"홍대돈부리는 일본 가정식 덮밥 전문점이라는 사명을 가지고, 언제나 신선하고 맛있는 돈부리를 만들기 위해 노력하고 있습니다. 처음의 맛과 합리적인 가격을 유지하기 위해서, 수제로 직접 음식을 만들어 고객에게 제공해드리고 있습니다. 돈부리는 그 한 그릇으로 배가 불러야한다. 는 슬로건을 내새워 홍대돈부리를 방문하는 고객님들께 푸짐한 돈부리를 제공해 드리기 위해 노력하고 있습니다. 음식은 입으로먹지만 마음으로 간직하는 것이라고 생각합니다. 항상 초심을 잃지 않고, 최고의 맛과 서비스를 제공하기 위해 노력하겠습니다. 언제나 신선하고 맛있는 요리로 대접하겠습니다. 고객을 먼저 생각하는 홍대돈부리가 되겠습니다. 언제나 든든한 밥 한끼 대접한다는 마음을 가지고 정성스럽고 맛있게 보답하겠습니다. 최고는 아닐지라도 항상 최고가 될 수 있도록 최선을 다해 노력하는 홍대돈부리 가 되겠습니다.",11:30AM-9:30PM,11:30AM-9:30PM,11:30AM-9:30PM,11:30AM-9:30PM,11:30AM-9:30PM,11:30AM-9:30PM,11:30AM-9:30PM,4,1,37.5505389,127.072134,HongdaeDonburiKonkukUniversity.jpg
비스트로 드 욘트빌 BISTROT de YOUNTVILLE (Restaurant français),프랑스 음식점,Indoor,"미국 욘트빌 지역의 미슐랭 3스타 레스토랑 ‘프렌치 론드리’ 에서 근무했던 타미 리 셰프가 오픈한 곳입니다. 타미 리 셰프는 미국 요리학교 CIA 출신이기도 하지요. 코스메뉴와 단품메뉴로 구성되어 있습니다. 코스메뉴는 아뮤즈 부쉬, 전채, 메인, 디저트에서 각각 하나씩 골라 주문할 수 있게 되어 있습니다. (점심 L.O 14:00, 저녁 L.O 21:00)",Open 24 hours,Open 24 hours,Open 24 hours,Open 24 hours,Open 24 hours,Open 24 hours,Open 24 hours,4.3,67,37.526034,127.0237136,BISTROTdeYOUNTVILLE.jpg
꼬메노,카페,Indoor,"아담하지만 다양한 디자인 조명을 구경할 수 있는 카페 꼬메노. 사장님의 센스있는 인테리어 덕에 식물과 루이스 폴센의 조명들의 조화가 아름다운 곳이다. 커피맛도 고소하고 깊은 맛이 있으며 다른 디저트들도 맛이 평균 이상이라 인기가 좋다. 밤 늦은 시간까지 운영하는데, 와인과 기본적인 칵테일도 판매하므로 밤 시간을 즐기기에도 좋은 곳. 휴무일이 유동적이라 확인 후 방문하는 것을 추천한다.",13AM-11:30PM,13AM-11:30PM,13AM-11:30PM,13AM-11:30PM,13AM-11:30PM,12AM-12PM,12AM-12PM,4.4,10,37.5505389,127.072134,Kkomeno.jpg
김종욱커피,카페,Indoor,서울 성동구 상원10길 성수동1가에 위치한 작은 카페.,9AM-10PM,9AM-10PM,9AM-10PM,9AM-10PM,9AM-10PM,9AM-10PM,9AM-10PM,4.4,44,37.5495606,127.0320031,KimJeong-wukCoffee.jpg
바곱창,술집,Indoor,풍부한 양의 양파와 마늘을 갈아 넣고 매실과 사과식초로 새콤달콤함을 더하며 100% 국내산 곱창과 고춧가루로 그 맛의 깊이를 더하는 Bar 곱창의 소스는 정직하고 건강한 맛을 추구한다. 연탄이 아닌 그릴에 구워낸 막창은 특유의 담백함과 바삭한 식감이 있으며 당귀를 삶아 끓여낸 야채곱창은 들기름에 볶아내어 고소하고 깔끔한 맛을 선사해 준다. 직접 구워서 나오기 때문에 옷에 냄새도 많이 안 나고 굽지 않아도 되니 편안하게 즐길 수 있다.,Open 24 hours,Open 24 hours,Open 24 hours,Open 24 hours,Open 24 hours,Open 24 hours,Open 24 hours,4.3,10,37.5504806,127.019475,Bagobchang.jpg
피에스타 2 스윙댄스 바 Fiesta 2 Swing Dance Bar,재즈바,Indoor,서울특별시 광진구 자양4동에 위치한 스윙댄스 전문 바.,Open 24 hours,Open 24 hours,Open 24 hours,Open 24 hours,Open 24 hours,Open 24 hours,Open 24 hours,4.6,16,37.5504806,127.019475,Fiesta2SwingDanceBar.jpg
positive zero lounge,재즈바,Indoor,"성수동 아기자기한 골목골목, 연무장길 한 편에 자리잡은 살롱 문화의 현대적 오마주로 탄생한 재즈 라운지이다. 재즈공연이 열리는 이색적인 공간으로 시각, 청각, 미각이 한 데 섞인 공감각적 경험을 즐길 수 있다.",Closed,Open 24 hours,Open 24 hours,Open 24 hours,Open 24 hours,Open 24 hours,Open 24 hours,4.4,51,37.5504806,127.019475,positivezerolounge.jpg
바 델마,바 & 그릴,Indoor,서울 강남구 압구정로20길에 위치한 바.,Open 24 hours,Open 24 hours,Open 24 hours,Open 24 hours,Open 24 hours,Open 24 hours,Closed,4.6,12,37.5504806,127.019475,BarDelma.jpg
믹솔로지 MIXOLOGY,칵테일바,Indoor,옛부터 현대까지라는 컨셉의 감각적 디자인이 돋보이는 가게다. 다양한 칵테일과 직접 만든 초콜릿 등 신기한 메뉴들이 많은 곳이다.,Open 24 hours,Open 24 hours,Open 24 hours,Open 24 hours,Open 24 hours,Open 24 hours,Closed,4.9,30,37.5504806,127.019475,MIXOLOGY.jpg
정식바,와인 바,Indoor,매달 바뀌는 한 가지 코스요리만 선보이는 퓨전 한식당 정식당에서 새롭게 선보인 세컨드 바입니다. 뉴 코리안(New Korean) 요리를 보여주려는 임정식 오너셰프의 창작 메뉴들이 곁들여 져서 호기심을 자극하는 곳이지요. 제주 미역 빠에야처럼 익숙한 한국음식 재료를 서양 요리법으로 재탄생시킨 점이 독특합니다.,Open 24 hours,Open 24 hours,Open 24 hours,Open 24 hours,Open 24 hours,Open 24 hours,Open 24 hours,4.5,24,37.5504806,127.019475,JungsikBar.jpg
오아시스 LP 뮤직바,술집,Indoor,"서울특별시 송파구 잠실동 위치한 LP Bar이다. 음악 신청이 가능하며 음악과 함께 맥주, 위스키, 와인 등을 판매하고 있다. 합리적인 가격으로 분위기 좋은 곳에서 와인 및 위스키 등을 즐길 수 있다.",Open 24 hours,Open 24 hours,Open 24 hours,Open 24 hours,Open 24 hours,Open 24 hours,Open 24 hours,4.8,17,37.5504806,127.019475,LPMusicbarMatilda.jpg
White Bar (화이트 바),칵테일바,Indoor,"화이트 스피릿 전문 바. 진과 데킬라, 보드카, 럼 등 무색의 술을 취급하는 국내 최초 화이트 스피릿바. 수백 여가지의 특별한 스피릿과 진을 경험할 수 있다. 매장은 은행과 금고 등에서 모티브를 따온 고급스러운 인테리어로 스위스 지하 금고에 들어온 듯한 분위기를 연출한다. 6시에서 8시 까지는 간단한 디너 메뉴도 선보인다. 매장에는 룸이 있다.",Open 24 hours,Open 24 hours,Open 24 hours,Open 24 hours,Open 24 hours,Open 24 hours,Open 24 hours,4.3,24,37.5504806,127.019475,WhiteBar.jpg
볼트82,칵테일바,Indoor,"바와 스테이크 하우스가 결합된 매장. 한남동 싱글몰트 위스키 바가 본점. 지하 1층은 위스키 바, 1층은 남성 브랜드 상품, 2층은 스테이크 하우스 인 곳. 스테이크는 미국 농무부가 인정한 프라임육만을 사용하며 매장내 에이징 시설을 갖추고 있어 드라이에이징, 웻에이징 스테이크를 제공한다. 주류가 다양하게 갖추어져 있으며 매장은 엔틱하면서도 남성적인 분위기 일요일 19:00~02:00",Open 24 hours,Open 24 hours,Open 24 hours,Open 24 hours,Open 24 hours,Open 24 hours,Open 24 hours,4.4,79,37.5504806,127.019475,VAULT+82.jpg
바코난,칵테일바,Indoor,"언제나 Conan은 편안하고 모던한 분위기의 Bar를 만들어 가려고 노력합니다. 80여가지의 칵테일도 제가 직접 만들어 드리고 Whisky,Cocktail,Rum,Gin,Vodka,Tequila,Beer,,,간단한 스낵과 안주까지 즐길수 있습니다.",Open 24 hours,Open 24 hours,Open 24 hours,Open 24 hours,Open 24 hours,Open 24 hours,Open 24 hours,4.3,6,37.5504806,127.019475,Conan.jpg
칵테일바 카페루이 (Cafe Louis HQ),칵테일바,Indoor,"칵테일바 카페루이(Cafe Louis)는 카페형 Cocktail Bar로서, 맛, 서비스, 분위기 그리고 문화가 있는 편안하고 즐거운 바를 추구합니다. 칵테일, 싱글 몰트 위스키(글라스 주문 가능), 와인, 맥주등을 편안하고 저렴하게 즐기실 수 있습니다.",Open 24 hours,Open 24 hours,Open 24 hours,Open 24 hours,Open 24 hours,Open 24 hours,Closed,4.2,19,37.5504806,127.019475,CafeLouisHQ.jpg
레드모델바 잠실신천점,술집,Indoor,서울 강남구 봉은사로1길에 위치한 토킹 바.,Open 24 hours,Open 24 hours,Open 24 hours,Open 24 hours,Open 24 hours,Open 24 hours,Closed,4.2,5,37.5504806,127.019475,RedModelBarJamsilsaenae.jpg
한남동 와이낫 (WHY NOT),칵테일바,Indoor,"한남동 싱글몰트 위스키 바. WHY NOT. 400여종의 주류가 있는 곳. 위스키, 칵테일 등이 있으며 위클리 위스키가 인기메뉴. 매주 위스키 한잔을 5000원에 제공하며 1인 3잔까지 가능. 1인 5천원 커버차지가 있다. 매장은 긴 바석과 미니바석, 테이블 4-5개 규모. 어둡고 편안한 분위기로 단골손님이 많은 곳. 일요일은 새벽 3시까지이다.",Open 24 hours,Open 24 hours,Open 24 hours,Open 24 hours,Open 24 hours,Open 24 hours,Open 24 hours,4.4,54,37.5504806,127.019475,WHYNOT.jpg
미식바,와인 바,Indoor,"여자들끼리, 분위기있는, 프로포즈, 분위기좋은, 데이트코스, 연중무휴",Open 24 hours,Open 24 hours,Open 24 hours,Open 24 hours,Open 24 hours,Open 24 hours,Open 24 hours,5,1,37.5504806,127.019475,Misigba.jpg
원스인어블루문,재즈바,Indoor,서울 강남구 선릉로에 위치한 재즈바.,Open 24 hours,Open 24 hours,Open 24 hours,Open 24 hours,Open 24 hours,Open 24 hours,18AM-12PM,4.4,238,37.5504806,127.019475,OnceInABlueMoon.jpg
Bar Musk - 바 머스크,술집,Indoor,서울 강남구 언주로152길에 위치한 바.,Open 24 hours,Open 24 hours,Open 24 hours,Open 24 hours,Open 24 hours,Open 24 hours,Closed,4.6,15,37.5504806,127.019475,BarMusk.jpg
1971바,술집,Indoor,즐거운 분위기에서 한잔 즐길 수 있는 곳입니다.,Open 24 hours,Open 24 hours,Open 24 hours,Open 24 hours,Open 24 hours,Open 24 hours,Open 24 hours,3,1,37.5504806,127.019475,1971bar.jpg
먼데이블루스 와인바,술집,Indoor,"프레쉬파스타 등 훌륭한 수준의 이태리 음식과 이태리 주류를 즐길 수 있는 따뜻한 와인바이다. 와인 외에도 10종의 크래프트맥주, 위스키/진/럼 등이 구비되어 있다. 합리적인 가격으로 우수한 품질의 스테이크 및 파스타 등과 와인을 즐길 수 있다.",18AM-11PM,18AM-11PM,18AM-11PM,18AM-11PM,18AM-11PM,18AM-11PM,18AM-11PM,4.4,28,37.5504806,127.019475,MondayBlusWineBar.jpg
사이드웨이 와인,와인 바,Indoor,서울 강남구 강남대로98길에 위치한 와인 바.,Open 24 hours,Open 24 hours,Open 24 hours,Open 24 hours,Open 24 hours,Open 24 hours,PM5-12PM,4.3,46,37.5504806,127.019475,SideWayWine.jpg
신시어,바 & 그릴,Indoor,"은밀한 스피키지 바 신시어 입니다. 비밀스러우면서도 아늑하고, 편안한 분위기에서 다양한 주류를 즐기실수 있습니다.",Open 24 hours,Open 24 hours,Open 24 hours,Open 24 hours,Open 24 hours,Open 24 hours,Open 24 hours,4.7,7,37.5504806,127.019475,Sinsieo.jpg
세종문화회관,문화센터,Indoor,시설은 대극장·소극장·미술관본관·미술관별관·미술관신관 등 기본시설과 컨벤션센터·컨퍼런스홀·소회의실·분수대광장·데크플라자·삼청각(三淸閣) 등 부대시설로 이루어져 있다.,Open 24 hours,Open 24 hours,Open 24 hours,Open 24 hours,Open 24 hours,Open 24 hours,Open 24 hours,4.3,"1,620",37.5725254,126.9668882,SejongCenterChamberHall.jpg
대치2동문화센터,문화센터,Indoor,서울 강남구 영동대로65길에 위치한 문화센터,9AM-6PM,9AM-6PM,9AM-6PM,9AM-6PM,9AM-6PM,9AM-6PM,9AM-6PM,3.7,28,37.5022996,127.0556294,Daechi2-dongCommunityServiceCenter.jpg
롯데MBC문화센터 강남점,문화센터,Indoor,서울 강남구 선릉로62길에 위치한 문화센터.,9AM-9PM,9AM-9PM,9AM-9PM,9AM-9PM,9AM-9PM,9AM-6PM,9AM-6PM,4.5,12,37.4976341,127.0460367,LotteMBCCultureCenterGangnam.jpg
역삼2동문화센터,문화센터,Indoor,서울 강남구 도곡로43길에 위치한 문화센터.,9AM-6PM,9AM-6PM,9AM-6PM,9AM-6PM,9AM-6PM,9AM-6PM,Closed,5,1,37.4959613,127.0380157,Yeoksam2-dongCommunityServiceCenter.jpg
대치4문화복지회관,문화센터,Indoor,서울특별시 강남구 대치동에 위치한 문화센터. ,9AM-6PM,9AM-6PM,9AM-6PM,9AM-6PM,9AM-6PM,9AM-6PM,Closed,3.9,23,37.4997536,127.0491358,Daechi4-CultureWelfareCenter.jpg
동부여성문화센터,문화센터,Indoor,서울 종로구 창신길에 위치한 여성전용 문화센터.,9AM-6PM,9AM-6PM,9AM-6PM,9AM-6PM,9AM-6PM,9AM-6PM,9AM-6PM,5,3,37.5772007,127.0012392,EasternWomen'sCultureCenter.jpg
송파여성문화회관,문화센터,Indoor,서울 송파구 백제고분로42길에 위치한 여성전용 문화센터.,9AM-10PM,9AM-10PM,9AM-10PM,9AM-10PM,9AM-10PM,9AM-10PM,Closed,3.8,146,37.5058779,127.1010648,SongpaWomen'sCulturalCenter.jpg
허리우드극장,영화관,Indoor,추억의 명화를 감상할 수 있는 공간입니다. 이 곳은 실버 영화관으로 알려져있고 예전 올드 영화를 상영하는 곳입니다. 젊은 세대들에게도 예전 명화를 볼 수있는 소중한 공간입니다. ,10:30AM-8:40PM,10:30AM-8:40PM,10:30AM-8:40PM,10:30AM-8:40PM,10:30AM-8:40PM,10:30AM-8:40PM,10:30AM-8:40PM,4,37,37.5727009,126.9793248,HollywoodTheater.jpg
CGV 천호,영화관,Indoor,서울특별시 강동구 양재대로에 위치한 CGV영화관.,9:30AM-11PM,9:30AM-11PM,9:30AM-11PM,9:30AM-11PM,9:30AM-11PM,9:30AM-11PM,9:30AM-11PM,4.2,941,37.5456582,127.1334892,CGVCheonho.jpg
CGV 피카디리1958,영화관,Indoor,서울특별시 종로구 돈화문로5가길에 위치한 CGV영화관.,9:30AM-11PM,9:30AM-11PM,9:30AM-11PM,9:30AM-11PM,9:30AM-11PM,9:30AM-11PM,9:30AM-11PM,3.9,849,37.5495559,126.9883196,.CGVPiccadilly1958.jpg
CGV 강남,영화관,Indoor,서울특별시 강남구 강남대로에 위치한 CGV영화관.,9:30AM-11PM,9:30AM-11PM,9:30AM-11PM,9:30AM-11PM,9:30AM-11PM,9:30AM-11PM,9:30AM-11PM,3.7,"1,640",37.5495559,126.9883196,CGVGangnam.jpg
홍콩반점0410 어린이대공원점,중국 음식점,Indoor,"홍콩반점0410은 구의동에 위치한 중화요리 전문점이다. 다양한 메뉴가 있으며 구의역 홍콩반점은 식사메뉴 2인 주문시 탕수육을 7,500원으로 즐길 수 있다.",11:30AM-10PM,11:30AM-10PM,11:30AM-10PM,11:30AM-10PM,11:30AM-10PM,11:30AM-10PM,11:30AM-10PM,,,37.5505439,127.0702833,HongKong0410ChineseFood.jpg
페리카나 화양리점,음식점,Indoor,서울 광진구 능동로에 위치한 페리카나.,Open 24 hours,Open 24 hours,Open 24 hours,Open 24 hours,Open 24 hours,Open 24 hours,Open 24 hours,,,37.544678,127.0671614,PelicanaHwayangri.jpg
단지커피,카페,Indoor,서울 광진구 군자로에 위치한 작은 카페.,11AM-9PM,11AM-9PM,11AM-9PM,11AM-9PM,11AM-9PM,12AM-9PM,Closed,4.6,11,37.5505439,127.0702833,DahnjiCoffee.jpg
옥루몽어린이대공원점,카페,Indoor,서울 광진구 능동로에 위치한 작은카페.,8AM-11PM,8AM-11PM,8AM-11PM,8AM-11PM,8AM-11PM,8AM-11PM,8AM-11PM,4,21,37.5505439,127.0702833,OkkrumongSeoulChildren'sGrandPark.jpg
모서리에커피집,카페,Indoor,"로스터리 커피집, Cofffee brewing, 커피티백, 더치커피, 수제카라멜 & 다크초콜렛, 페이스텀블러, 그리고 쥔장의 소박한 일러스트들",11:30AM-10PM,11:30AM-10PM,11:30AM-10PM,11:30AM-10PM,11:30AM-10PM,11:30AM-10PM,11:30AM-10PM,4.6,13,37.5460009,127.0708259,MoeseoriaeCoffeehouse.jpg
Comeno,카페,Indoor,서울 광진구 군자로7길에 위치한 조용한 분위기 좋은 카페.,13AM-11PM,Closed,13AM-11PM,13AM-11PM,13AM-11PM,12AM-12PM,12AM-12PM,4.3,11,37.5455626,127.0668841,Comeno.jpg
까페에이치투,카페,Indoor,광진구 능동에 위치한 까페에이치투는 달콤한 수제 쿠키와 커피  그리고  소박한 이야기가 있다.,10AM-11PM,10AM-11PM,10AM-11PM,10AM-11PM,10AM-11PM,10AM-11PM,10AM-11PM,1.5,2,37.5551566,127.0745234,CafeH2.jpg
Bar Twelve,바 & 그릴,Indoor,용산구 신흥로 54에 위치한 바이다.,Open 24 hours,Open 24 hours,Open 24 hours,Open 24 hours,Open 24 hours,Open 24 hours,Open 24 hours,4.5,34,37.5511748,127.0097459,BarTwelve.jpg
몰트바 오프 삼성동 (Malt Bar OFF),술집,Indoor,강남구 삼성동에 위치한 몰트바 오프는 몰트 위스키에 대하여 모든것이 있다. 맥주속에 숨어있는 위스키가 이색적이다.,Open 24 hours,Open 24 hours,Open 24 hours,Open 24 hours,Open 24 hours,Open 24 hours,Closed,4.7,23,37.5511748,127.0097459,MaltBarOFFSamseong-dong.jpg
뱅가,와인 바,Indoor,강남구 신사동에 위치한 뱅가는 고급 와인과 수준있는 재즈 음악이 연주되는 와인바이다. 분위기가 고풍적이며 고급스러움이 특징이다.,Open 24 hours,Open 24 hours,Open 24 hours,Open 24 hours,Open 24 hours,Open 24 hours,Closed,4.4,47,37.5511748,127.0097459,Vin'ga.jpg
스쿠로,와인 바,Indoor,강남구 신사동에 위치한 스쿠로는 독특한 이탈리아풍의 식사 제공이 특징이다. 이탈리아 와인이 지역별로 거의 다 있다는 강점을 가지고 있다.,18AM-12PM,Open 24 hours,Open 24 hours,Open 24 hours,Open 24 hours,Open 24 hours,18AM-12PM,4.5,42,37.5511748,127.0097459,Sscuro.jpg
최고노래방,노래방,Indoor,광진구 화양동에 위치한 최고노래방이다.,Open 24 hours,Open 24 hours,Open 24 hours,Open 24 hours,Open 24 hours,Open 24 hours,Open 24 hours,,,37.5464572,127.0640981,Bestkaraoke.jpg
락휴노래연습장,노래방,Indoor,광진구 화양동에 있는 락휴노래연습장이다.,Open 24 hours,Open 24 hours,Open 24 hours,Open 24 hours,Open 24 hours,Open 24 hours,Open 24 hours,4,2,37.5419839,127.0668893,RockQkaraoke.jpg
SBS노래방,노래방,Indoor,성동구 성수2가3동에 위치한 sbs노래방이다.,Open 24 hours,Open 24 hours,Open 24 hours,Open 24 hours,Open 24 hours,Open 24 hours,Open 24 hours,3,2,37.5505426,127.0549302,SBSkaraoke.jpg
로또노래방,노래방,Indoor,광진구 화양동에 있는 로또노래방이다.,Open 24 hours,Open 24 hours,Open 24 hours,Open 24 hours,Open 24 hours,Open 24 hours,Open 24 hours,3,1,37.5443194,127.0652925,Lottokaraoke.jpg
알쏭노래방,노래방,Indoor,광진구 화양동에 있는 알쏭노래방이다.,Open 24 hours,Open 24 hours,Open 24 hours,Open 24 hours,Open 24 hours,Open 24 hours,Open 24 hours,5,1,37.541621,127.0633786,Alssongkaraoke.jpg
불티나노래방,노래방,Indoor,성동구 성수1가1동에 위치한 불티나노래방이다.,Open 24 hours,Open 24 hours,Open 24 hours,Open 24 hours,Open 24 hours,Open 24 hours,Open 24 hours,,,37.5434902,127.0468055,Vultinakaraoke.jpg
DC노래방,노래방,Indoor,광진구 화양동에 있는 DC노래방이다.,Open 24 hours,Open 24 hours,Open 24 hours,Open 24 hours,Open 24 hours,Open 24 hours,Open 24 hours,,,37.5421885,127.0662243,DCkaraoke.jpg
칸노래방,노래방,Indoor,광진구 화양동에 위치한 칸노래방이다.,Open 24 hours,Open 24 hours,Open 24 hours,Open 24 hours,Open 24 hours,Open 24 hours,Open 24 hours,,,37.5415222,127.0636446,Khankaraoke.jpg
팡팡노래방,노래방,Indoor,광진구 화양동에 위치한 팡팡노래방이다.,Open 24 hours,Open 24 hours,Open 24 hours,Open 24 hours,Open 24 hours,Open 24 hours,Open 24 hours,,,37.5412618,127.0658338,PangPangkaraoke.jpg
포그니노래방,노래방,Indoor,성동구 성수동1가에 위치한 포그니노래방이다.,Open 24 hours,Open 24 hours,Open 24 hours,Open 24 hours,Open 24 hours,Open 24 hours,Open 24 hours,,,37.5505426,127.0549302,Pognikaraoke.jpg
사이버노래방,노래방,Indoor,광진구 화양동에 있는 사이버노래방이다.,Open 24 hours,Open 24 hours,Open 24 hours,Open 24 hours,Open 24 hours,Open 24 hours,Open 24 hours,,,37.5418172,127.0621953,Cyberkaraoke.jpg
웰빙노래방,노래방,Indoor,광진구 화양동에 있는 웰빙노래방이다.,Open 24 hours,Open 24 hours,Open 24 hours,Open 24 hours,Open 24 hours,Open 24 hours,Open 24 hours,,,37.5416506,127.0642229,Well-beingkaraoke.jpg
대한민국노래방,노래방,Indoor,광진구 자양4동에 위치한 대한민국노래방이다.,Open 24 hours,Open 24 hours,Open 24 hours,Open 24 hours,Open 24 hours,Open 24 hours,Open 24 hours,,,37.5409007,127.0650006,Koreakaraoke.jpg
쟁반노래방,노래방,Indoor,성동구 성수2가1동에 있는 쟁반노래방이다.,Open 24 hours,Open 24 hours,Open 24 hours,Open 24 hours,Open 24 hours,Open 24 hours,Open 24 hours,,,37.5395204,127.0606076,TraykaraokeSungsu.jpg
뉴월드노래방,노래방,Indoor,광진구 화양동에 위치한 뉴월드노래방이다.,Open 24 hours,Open 24 hours,Open 24 hours,Open 24 hours,Open 24 hours,Open 24 hours,Open 24 hours,,,37.5421227,127.0611954,Newworldkaraoke.jpg
쟁반노래방,노래방,Indoor,광진구 자양4동에 위치한 쟁반노래방이다.,Open 24 hours,Open 24 hours,Open 24 hours,Open 24 hours,Open 24 hours,Open 24 hours,Open 24 hours,,,37.5413467,127.065841,TraykaraokeJayang.jpg
삼바노래방,노래방,Indoor,성동구 성수동1가에 있는 삼바노래방이다.,Open 24 hours,Open 24 hours,Open 24 hours,Open 24 hours,Open 24 hours,Open 24 hours,Open 24 hours,,,37.5505426,127.0549302,Sambakaraoke.jpg
쌍둥이노래방,노래방,Indoor,광진구 화양동에 위치한 쌍둥이노래방이다.,Open 24 hours,Open 24 hours,Open 24 hours,Open 24 hours,Open 24 hours,Open 24 hours,Open 24 hours,,,37.541595,127.0639174,Twinkaraoke.jpg
NEW쟁반노래방,노래방,Indoor,동대문구 장안1동에 있는 NEW쟁반노래방이다.,Open 24 hours,Open 24 hours,Open 24 hours,Open 24 hours,Open 24 hours,Open 24 hours,Open 24 hours,3.7,3,37.5620182,127.0631845,NEWTraykaraoke.jpg
악어떼노래방,노래방,Indoor,광진구 화양동에 있는 악어떼노래방이다.,Open 24 hours,Open 24 hours,Open 24 hours,Open 24 hours,Open 24 hours,Open 24 hours,Open 24 hours,,,37.540911,127.0654632,Alligatorgroupkaraoke.jpg
초밥짓는원숭이,일본 음식점,Indoor,"광진구 화양동에 위치한 초밥짓는원숭이는 초밥 전문점으로 사루스시,스시모리아와세,쉐프특선,연어초밥,장어초밥,새우스페셜,오사카 세트,홋카이도 세트,모듬회,타코와사비등을 제공한다.",11:30AM-3:30PM,11:30AM-3:30PM,11:30AM-3:30PM,11:30AM-3:30PM,11:30AM-3:30PM,11:30AM-3:30PM,11:30AM-3:30PM,3.2,21,37.5431033,127.0695066,Sushi-makingmonkey.jpg
와하카,음식점,Indoor,성동구 성수동에 있는 와하카는 영국 런던에서 인기 절정의 멕시칸 레스토랑으로 멕시칸 정통 음식을 한껏 맛볼 수 있다. 여기 세프는 신사동 타코칠리칠리에서 근무하고 성수동에 독립을 하였다고 합니다.,Closed,11:30AM-11PM,11:30AM-11PM,11:30AM-11PM,11:30AM-11PM,11:30AM-11PM,11:30AM-11PM,4.2,73,37.5478922,127.0368305,Wahaka.jpg
카페오롯,카페,Indoor,"성동구 성수동 1가에 위치한 카페오롯은 다양한 종류의 커피 및 음료를 판매하고 있는 카페이다. 공통된 생각을 지닌 서로 다른 분야의 디자이너 3명이 모여 만들어 나가는 공간이다. 음료, 제품, 전시 등의 다양한 콘텐츠를 접목한 공간이다.",10AM-11PM,10AM-11PM,10AM-11PM,10AM-11PM,10AM-11PM,10AM-11PM,10AM-11PM,4.2,34,37.54845,127.0484837,CafeOrot.jpg
카페우유니,카페,Indoor,성동구 사근동에 위치한 카페우유니는 아기자기한 인테리어로 색다른 분위기를 느낄 수 있다. 소금라떼로 유명한 곳이다.,10AM-11PM,10AM-11PM,10AM-11PM,10AM-11PM,10AM-11PM,10AM-11PM,Closed,4.5,26,37.5610174,127.0299956,CafeUyuni.jpg
오르에르(OrEr),카페,Indoor,"성수동 디저트 까페. 오르에르. 자그마치 까페의 2번째 공간. 메뉴로는 커피, 티, 주스와 오르그레이, 포씨캐롯, 캬바레, 레이러 케익, 세이즈 치즈, 오르에르 스페셜 등 6가지 종류의 수제 케익이 있다. 매장은 4층 가정집 건물을 개조한 곳으로 뒤편으로 정원으로 꾸며진 테라스 석이 있으며 내부도 식물을 사용한 인테리어. 홀케익은 2일 전 예약시 주문가능.",11AM-11PM,11AM-11PM,11AM-11PM,11AM-11PM,11AM-11PM,11AM-11PM,11AM-11PM,4,124,37.543431,127.0337885,OrEr.jpg
카페나루,카페,Indoor,"광진구 광장동에 있는 카페나루는 아메리카노 ,독일식 홈메이크 딸기토르테를 잘하는 베스트 맛집으로 회식, 모임, 데이트, 추천맛집이다.",8AM-8PM,8AM-8PM,8AM-8PM,8AM-8PM,8AM-8PM,8AM-6PM,Closed,4.1,15,37.5505389,127.072134,CaféNaru.jpg
타로카페드뷔시산장,카페,Indoor,"성동구 행당동에 위치한 타로카페드뷔시산장은 가정집의 담장을 없앤 아늑한 마당에서 한가롭게 커피를 즐길 수 있는 동네카페이다. 살구나무 밑에 놓인 테이블, 아기자기한 소품들로 꾸며진 실내, 홈메이드 컵케이크와 토스트를 맛볼 수 있지요. 바삭하게 구워진 토스트 위에 모짜렐라 치즈를 올려 구운 치즈 온 토스트, 건국 소제시 핫도그 등 모든 메뉴를 저렴하게 즐길 수 있어 더욱 인기를 끈다.",Open 24 hours,Open 24 hours,Open 24 hours,Open 24 hours,Open 24 hours,Open 24 hours,Open 24 hours,4.4,18,37.558454,127.0229545,TaroCaféDeBussyMountainFortress.jpg
카페보니또 성수점,카페,Indoor,"성동구 성수동에 위치한 카페보니또 성수점은 맛있는 원두커피를 자랑하는 감성커피상점이다. 매일 아침 갓 구워낸 신선한 에릭케제르 베이커리와 모닝 샌드위치 또한 판매하고 있다. 핸드드림 원두커피의 맛이 좋아 인기가 많은 곳이다. 커피용품과 원두커피, 1회용 커피 선물세트 또한 판매하고 있다. 합리적인 가격으로 우수한 품질의 커피 및 음료와 샌드위치 등을 즐길 수 있다.",8AM-12PM,8AM-12PM,8AM-12PM,8AM-12PM,8AM-12PM,8AM-12PM,8AM-12PM,4,12,37.5413172,127.0384367,CafébonitoSungsu.jpg
카페시벳,카페,Indoor,광진구 자양4동에 위치한 카페시벳은 지하공간이라는 단점을 아늑한 인테리어와 개성있는 분위기로 연출시킨 점이 특징이다.,10:30AM-12PM,8AM-12PM,8AM-12PM,8AM-12PM,8AM-12PM,8AM-12PM,8AM-12PM,4.5,18,37.5616654,127.0220009,CaféCivet.jpg
에잇디 카페,카페,Indoor,강남구 신사동의 에잇디 카페는 곰돌이 밀크티로 유명하다. 천장이 높아 넓어보이며 좌석 사이사이가 널찍해서 이야기 나누기에 편하다.,10AM-11PM,10AM-11PM,10AM-11PM,10AM-11PM,10AM-11PM,10AM-11PM,10AM-10PM,4.5,4,37.5244898,127.0188619,8Dcafe.jpg
담쟁이북카페,카페,Indoor,"광진구 자양동에 있는 담쟁이북카페는 광진구에서 마을공동체 사업으로 시작한 카페이다. 지역 주민들에게 인기높은 공간으로 자리잡아가고 있는데, 차를 마시기도 하고 책을 읽고 담소를 나누는 공간이다.",10AM-11PM,10AM-11PM,10AM-11PM,10AM-11PM,10AM-11PM,10AM-11PM,10AM-11PM,4.8,5,37.5505389,127.072134,Ivybookcafé.jpg
MILD,카페,Indoor,광진구 자양동에 위치한 카페 마일드는 작고 아담한 카페로 분위기가 좋은 카페이다.,12AM-8:30PM,12AM-8:30PM,12AM-8:30PM,12AM-8:30PM,12AM-8:30PM,12AM-8:30PM,12AM-8:30PM,4.4,19,37.5354365,127.0459459,MILD.jpg
카페 마리,카페,Indoor,강남구 신사동에 위치한 카페 마리는 작지만 한적한 분위기가 특징이다.,7AM-9PM,7AM-9PM,7AM-9PM,7AM-9PM,7AM-9PM,12AM-9PM,7AM-9PM,4.4,5,37.5250603,127.0131429,CafeMari.jpg
카페 레지던스,카페,Indoor,광진구 구의2동에 위치한 카페 레지던스는 차분한 인테리어와 아기자기한 소품들로 구성되어 있어 고요한 분위기를 연출한다.,12AM-9PM,12AM-9PM,12AM-9PM,12AM-9PM,12AM-9PM,12AM-9PM,12AM-9PM,3.5,2,37.5505389,127.072134,CafeResidence.jpg
원풀키즈카페,카페,Indoor,동대문구 장안동에 위치한 원풀키즈카페는 어린이를 위한 수영장이다. 아동과 부모를 위한 여러 시설들이 갖추어져 있다.,10AM-10PM,10AM-10PM,10AM-10PM,10AM-10PM,10AM-10PM,10AM-10PM,10AM-10PM,3.3,8,37.5505389,127.072134,OneFullKidsCafe.jpg
카페 피아트,카페,Indoor,광진구 광장동에 위치한 카페 피아트는 광나루역과 가깝고 조용한 분위기와 실내 인테리어가 특징이다.,9AM-11PM,9AM-11PM,9AM-11PM,9AM-11PM,9AM-11PM,9AM-11PM,9AM-11PM,3.9,18,37.5505389,127.072134,CafeFiat.jpg
Camel Café,카페,Indoor,성동구 성수동에 위치한 카멜카페는 작은 카페이지만 빈티지 테마의 특징을 잘 살려 분위기가 특징이다.,11:30AM-10PM,11:30AM-10PM,11:30AM-10PM,11:30AM-10PM,11:30AM-10PM,11:30AM-10PM,11:30AM-10PM,3.9,55,37.5371956,127.0383868,CamelCafé.jpg
카페드유라,커피용품 판매점,Indoor,강남구 압구정동에 위치한 카페 드유라는 커피용품 판매점으로 로스팅 원두 및 여러가지 바리스타 용품을 구입할 수 있다.,9AM-6PM,9AM-6PM,9AM-6PM,9AM-6PM,9AM-6PM,9AM-PM4,Closed,5,1,37.5273389,127.0285199,CafedeYura.jpg
소코 바 BAR SOKO,칵테일바,Indoor,용산구 한남동에 위치한 소코바는 편안한 분위기가 특징이며 개화기 시절을 컨샙으로 한 바이다. 옆자리에서 떠들어도 거슬릴것 없을 정도로 소음 수준이 좋다.,Open 24 hours,Open 24 hours,Open 24 hours,Open 24 hours,Open 24 hours,Open 24 hours,Closed,4.4,26,37.534872,127.0051026,BarSoko.jpg
더블유바,와인 바,Indoor,강남구 신사동에 위치한 더블유바는 어두운 조명이 특징적이다. 신사역 4번출구로 접근가능하다.,Open 24 hours,Open 24 hours,Open 24 hours,Open 24 hours,Open 24 hours,Open 24 hours,Open 24 hours,4.3,4,37.5504806,127.019475,Wbar.jpg
불러노래방,노래방,Indoor,광진구 중곡동에 위치한 불러 노래방이다. 아차산역과 가깝다.,Open 24 hours,Open 24 hours,Open 24 hours,Open 24 hours,Open 24 hours,Open 24 hours,Open 24 hours,5,1,37.5560008,127.0873258,Bullowkaraoke.jpg
엘리스노래방,노래방,Indoor,광진구 중곡동에 위치한 엘리스노래방이다. 중곡역과 가깝다.,Open 24 hours,Open 24 hours,Open 24 hours,Open 24 hours,Open 24 hours,Open 24 hours,Open 24 hours,2,1,37.5505389,127.072134,Alicekaraoke.jpg
NBA노래방,노래방,Indoor,광진구 중곡동에 위치한 NBA노래방이다. 중곡역과 가깝다.,Open 24 hours,Open 24 hours,Open 24 hours,Open 24 hours,Open 24 hours,Open 24 hours,Open 24 hours,2.3,3,37.5505389,127.072134,NBAkaraoke.jpg
성수문화복지회관,문화센터,Indoor,"성동구 성수둥에 위치한 성수문화복지회관은 폐쇄적이고 거리감을 만들어 내었던 관공서의 개념을 탈피한 건축물이다. 문화를 수용하는 다양한 요소, 재미, 감동의 프로그램을 계획하여 변화하는 열려진 입체광장으로서의 역할을 수행하고 있다.",9AM-6PM,9AM-6PM,9AM-6PM,9AM-6PM,9AM-6PM,9AM-6PM,9AM-6PM,4.4,13,37.5454251,127.0425457,SeongsuCulturalWelfareCenter.jpg
한국문화센터,문화센터,Indoor,"광진구 자양4동에 위치한 한국문화센터는 섬유예술, 전통침선, 꽃예술, 미용예술 등 여러 예술 기술들을 가르치고 전수한다.",10AM-9PM,10AM-9PM,10AM-9PM,10AM-9PM,10AM-9PM,10AM-6PM,Closed,,,37.5388782,127.0630416,KoreaCultureCenter.jpg
메가박스 군자,영화관,Indoor,광진구 군자동에 위치한 Megabox 군자는 군자역 7번출구와 가깝다.,9:30AM-11PM,9:30AM-11PM,9:30AM-11PM,9:30AM-11PM,9:30AM-11PM,9:30AM-11PM,9:30AM-11PM,4,1,37.5557163,127.0739777,MegaboxGunja.jpg
가람성,중국 음식점,Indoor,광진구 화양동에 위치한 가람성은 건국대학교 후문에 위치해 있는 중국집이다.,Open 24 hours,Open 24 hours,Open 24 hours,Open 24 hours,Open 24 hours,Open 24 hours,Open 24 hours,3.8,21,37.5452336,127.0752829,Garamseong.jpg
빕스 어린이대공원점,패밀리 레스토랑,Indoor,광진구 군자동에 위치한 빕스 어린이대공원점은 샐러드바를 이용할 수 있으며 스테이크도 주문 가능하다.,11:30AM-10PM,11:30AM-10PM,11:30AM-10PM,11:30AM-10PM,11:30AM-10PM,11:30AM-10PM,11:30AM-10PM,3.7,382,37.5516355,127.0751642,VIPSSeoulchildren'sgrandpark.jpg
하남돼지집 세종대점,한식 고기구이 레스토랑,Indoor,광진구 화양동에 위치한 하남돼지집 세종대점은 한식 고기구이 레스토랑으로 삼겹살을 포함한 여러 구이를 맛볼 수 있다.,12:00AM-12PM,12:00AM-12PM,12:00AM-12PM,12:00AM-12PM,12:00AM-12PM,12:00AM-12PM,12:00AM-12PM,4.2,38,37.5469414,127.0714333,HanampigSejongUniversity.jpg
카페 어드벤처 스튜디오,카페,Indoor,"광진구 군자동에 위치하고있는 카페 어드벤처 스튜디오는 여행자 카페로 해외여행, 바이크여행에 대한 다양한 자료를 볼 수 있다.",Open 24 hours,Open 24 hours,Open 24 hours,Open 24 hours,Open 24 hours,Open 24 hours,Open 24 hours,3,2,37.5505436,127.0681101,CafeAdventureStudio.jpg
언커먼그라운드,카페,Indoor,성동구 성수동에 위치한 카페인 언커먼그라운드는 무드있는 조명으로 따뜻한 가을 느낌이 나는것이 특징이다.,8AM-10PM,8AM-10PM,8AM-10PM,8AM-10PM,8AM-10PM,12AM-7PM,12AM-7PM,3.9,35,37.543451,127.0552083,UncommonGround.jpg
kingdombar Sm Bar,칵테일바,Indoor,광진구 자양동에 위치한 킹덤sm바는 지하에 위치해 있어 아늑하고 포근한 분위기가 특징이다.,Open 24 hours,Open 24 hours,Open 24 hours,Open 24 hours,Open 24 hours,Open 24 hours,Open 24 hours,4.3,3,37.5375863,127.0796402,KingdombarSmBar.jpg
Bar Lupin,바 & 그릴,Indoor,강남구 첨당동에 위치한 바 루팡은 내부가 고급스러우며 개별적으로 구획되어있다. 여러가지 섹션의 칵테일이 준비되어있어 여러 종류의 칵테일을 즐길수 있다.,Open 24 hours,Open 24 hours,Open 24 hours,Open 24 hours,Open 24 hours,Open 24 hours,Closed,4,22,37.5263762,127.036382,BarLupin.jpg
바푸리 성수역점,음식점,Indoor,성동구 성수동에 위치한 바푸리 성수역점은 숯불김밥을 포함한 이색적인 김밥을 판매한다.,7:30AM-9:30PM,7:30AM-9:30PM,7:30AM-9:30PM,7:30AM-9:30PM,7:30AM-9:30PM,7:30AM-9:30PM,Closed,4.2,6,37.5459424,127.0530532,BapuriSeongsuStation.jpg
레솔베르시가바,시가 전문점,Indoor,강남구 청담동에 위치한 레솔베르 시가바는 국내 최대 시가를 보유한 시가바로  시가에 관련된 다양한 악세서리들이 전시되어 있다.,Open 24 hours,Open 24 hours,Open 24 hours,Open 24 hours,Open 24 hours,Open 24 hours,12AM-12PM,4.6,40,37.5246742,127.0366052,Resolversigarbar.jpg
몽크투바흐,재즈바,Indoor,강남구 신사동에 위치한 몽크투바흐는 압구정역 근처에있는 음악까페이다. 매주 토요일 클래식 영화음악 등 다양한 주제를 가지고 음악감상회가 열린다.,Open 24 hours,Open 24 hours,Open 24 hours,Open 24 hours,Open 24 hours,Open 24 hours,Open 24 hours,4.5,35,37.5211724,127.0228984,MonktoBach.jpg
부킹노래방,노래방,Indoor,광진구 자양동에 위치한 부킹노래방이다. 건대입구역 6번출구와 가깝다.,Open 24 hours,Open 24 hours,Open 24 hours,Open 24 hours,Open 24 hours,Open 24 hours,Open 24 hours,,,37.5391509,127.0661451,Bookingkaraoke.jpg
국립현대미술관 서울관,미술관,Indoor,"종로구 소격동에 위치한 국립현대미술관 서울관은 기무사 터와 기타 조선왕조 종친부 부지를 포함에서 크고 아름다우면서도 도심에 위치하게 지었다. 무형의 미술관, 군도형 미술관, 열린 미술관의 세가지 주제로 설계되었다.",10AM-6PM,10AM-6PM,10AM-6PM,10AM-6PM,10AM-9PM,10AM-9PM,10AM-6PM,4.4,"1,375",37.5794091,126.9628596,NationalmuseumofcontemporaryartSeoul.jpg
대림미술관,미술관,Indoor,종로구 동의동에 위치한 대림미술관은 한국 최초의 사진 전문 미술관으로 출발하여 현재에는 사진뿐만 아니라 디자인을 포함한 다양한 분야의 전시를 소개하며 그 경계를 확장해 나가고 있다.우리 주변에서 쉽게 발견 할 수 있는 사물의 가치를 새롭게 조명함으로써 대중들이 일상 속에서 예술을 즐길 수 있도록 새로운 라이프 스타일을 제안하는 전시 컨텐츠를 연구하고 있다.,Closed,10AM-6PM,10AM-6PM,10AM-8PM,10AM-6PM,10AM-8PM,10AM-6PM,4.2,876,37.577459,126.9558315,DaelimMuseumofArt.jpg
삼성리움미술관,미술관,Indoor,용산구 한남동에 위치한 삼성리움미술관은 삼성문화재단에서 만든 사립 미술관이다. 컬렉션 만큼은 한국 전통 미술과 현대 미술 양 쪽 모두에서 한국 정상급인 미술관임을 부인할 수 없다. 특히 한국 전통 미술에 관해서 리움과 비교될만한 사립 미술관은 간송미술관 정도 밖에 없다.,Closed,10:30AM-6PM,10:30AM-6PM,10:30AM-6PM,10:30AM-6PM,10:30AM-6PM,10:30AM-6PM,4.4,862,37.538122,126.9810695,SamsungLeeumMuseumofArt.jpg
D Museum,미술관,Indoor,"용산구 한남동에 위치한 D Museum은 전시실 2개의 층으로 구성되어 있다. 전시실 이외에는 국내외 아티스트의 콜라보레이션 상품을 소개하는 뮤지엄샵, 미술관내 전용 카페인 'D카페', 200명 이상을 수용할 수 있는 4층의 다목적홀 스튜디오, 지하주차장으로 구성되어 있다.",Closed,10AM-6PM,10AM-6PM,10AM-6PM,10AM-8PM,10AM-8PM,10AM-6PM,4.1,"1,086",37.5371914,126.9939275,DMuseum.jpg
소마미술관,미술관,Indoor,송파구 방이동에 위치한 소마미술관은 국민체육진흥공단이 국민의 예술적 정서함양을 위하여 2004년 9월 개관한 대중지향적 문화예술공간이다. 2006년 국내 최초로 소마드로잉센터를 개관하여 드로잉 분야에 있어 독창적인 색깔을 추구하고 있다.,Closed,10AM-6PM,10AM-6PM,10AM-6PM,10AM-6PM,10AM-6PM,10AM-6PM,4,285,37.5166362,127.1007442,SomaMuseumofArt.jpg
국립현대미술관 덕수궁관,미술관,Indoor,중구 세종대로에 위치한 국립현대미술관 덕수궁관은 1998년 덕수궁 내 분관으로 개관하였다.석조전의 동관과 서관으로 둘러싸인 직각의 공간 안에는 청동 분수대를 갖춘 정원이 자리한다. 우리나라 최초의 서양식 정원으로 지금도 분수대로서의 역할을 다하고 있다.,Closed,10AM-7PM,10AM-9PM,10AM-7PM,10AM-7PM,10AM-9PM,10AM-7PM,4.4,259,37.5658959,126.9561827,NationalmuseumofcontemporaryartDeoksugungPalace.jpg
서울시립미술관 서소문본관,미술관,Indoor,"중구 서소문동에 위치한 서울시립미술관 서소문 본관은 르네상스 양식과 현대식 건물의 결합으로 미술관 건물 자체의 건축미가 두드러진다. 샤갈, 피카소, 마티스, 마그리트, 고흐 등 미술에 문외한인 사람도 익히 알 만한 세계 유명 화가들의 전시회는 물론 국제미디어아트비엔날레, 미술관 봄나들이전 등 특색 있는 기획 전시를 선보인다.",Closed,10AM-7PM,10AM-7PM,10AM-7PM,10AM-7PM,10AM-6PM,10AM-6PM,4.3,832,37.5640253,126.9562698,SeoulmuseumofartSeosomunBuilding.jpg
아르코미술관,미술관,Indoor,"종로구 이화동에 위차한 아크로미술관은 한국의 동시대 예술작품과 이에 관한 담론의 생산처로서 장르나 매체간의 통섭적 사유를 구현하기 위한 실험적인 기획전과 이를 대중들과 소통할 수 있는 다양한 교육프로그램, 국제교류 네트워크를 활용한 다양한 협업 프로그램을 운영하고 있다.",Closed,11:00AM-6PM,11:00AM-6PM,11:00AM-6PM,11:00AM-6PM,11:00AM-6PM,11:00AM-6PM,4.4,44,37.5804502,126.9856794,Arkoartmuseum.jpg
서울시립미술관 경희궁미술관,미술관,Indoor,"종로구 사직동에 위치한 서울시립미술관의 경희궁분관으로 10미터가 넘는 높은 천장, 내부 구조를 그대로 드러내는 철재 구조물들, 유동적 동선을 보여주는 굴곡진 내부구조와 원형식의 복도 등의 외형적 특징이 인상적이다.",10AM-8PM,10AM-8PM,10AM-8PM,10AM-8PM,10AM-8PM,10AM-8PM,10AM-8PM,3,4,37.5700964,126.9512047,SeoulMuseumofArtGyeonghuiPalaceMuseumofArt.jpg
포스코미술관,미술관,Indoor,"강남구 대치동에 위치한 포스코미술관은 1995년 개관한 이래 예술을 매개로 사람과 사람, 사람과 사회간의 자유로운 소통이 가능한 ""열린 문화 공간, 문턱 낮은 미술관""을 지향해 오고 있다. 다양한 현대미술 기획전시와 아카데미 프로그램을 통해 ""예술 속의 생활, 생활 속의 예술"" 실천하고 있다.",10AM-7PM,10AM-7PM,10AM-7PM,10AM-7PM,10AM-7PM,12AM-5PM,Closed,3.9,61,37.5058037,127.0386377,POSCOMuseumofArt.jpg
K현대미술관,미술관,Indoor,"강남구 압구정동에 위치한 K현대미술관은 세계적인 예술작품을 소장하고 전시하며 관객과 소통하는 현대미술관 이다. 국내 유일의 야간개장 미술관이기도 하며, 몇몇 작품은 만져볼수도 있어서 긴장감도 좀 내려놓고 편하게 관람할 수 있다.",Closed,10AM-8PM,10AM-8PM,10AM-8PM,10AM-8PM,10AM-8PM,10AM-6:30PM,3.9,151,37.5242737,127.0215448,KMuseumofContemporaryArt.jpg
간송미술관,미술관,Indoor,"송북구 성북동에 위치한 간송미술관은  대한민국 최초의 근대식 사립박물관이다. 1938년 간송 전형필 선생이 설립한 보화각이 전신으로, 1966년 간송미술관과 한국민족미술연구소 체제로 변경되었다. 12점의 국보와 10점의 보물, 그리고 서울특별시 유형문화재 4점 등 수천여점의 문화재를 소장하고 있다.",10AM-6PM,10AM-6PM,10AM-6PM,10AM-6PM,10AM-6PM,10AM-6PM,10AM-6PM,4,25,37.5936152,126.9793463,Gansongartmuseum.jpg
서울미술관,미술관,Indoor,"종로구 부암동에 위치한 서울미술관은 감상자가 창조자가 되는 미술관을 지향한다. 감상자가 미술관과 전문가들의 권위에 눌려 주어진 정보를 수동적으로 수용하는 미술관이 아니라, 스스로 감상의 주체가 되어 창조적으로 감상하는 미술관을 모토로 운영되고 있다.",Closed,10AM-6PM,10AM-6PM,10AM-6PM,10AM-6PM,10AM-6PM,10AM-6PM,4.1,798,37.5948345,126.9457404,Seoulmuseumofart.jpg
국립현대미술관,미술관,Indoor,경기도 과천시 문원동에 위치한 국립현대미술관은 미술작품 및 자료의 수집·보존·전시·조사 및 연구와 이에 관한 국제교류 및 미술활동의 보급을 통한 국민의 미술문화의식 향상에 관한 사무를 관장하고 있다.,Closed,10AM-6PM,10AM-6PM,10AM-6PM,10AM-6PM,10AM-9PM,10AM-6PM,4.3,762,37.4303743,127.0020942,Nationalmuseumofcontemporaryart.jpg
일민미술관,미술관,Indoor,일민미술관은 종로구 세종로에 위치한 미술관이다. 김상만의 업적을 기리기 위해 설립되었다. 시대와 삶에 새겨진 일상의 미적 가치를 탐구하여 예술과 대중 간의 유기적 소통을 확장의 의도로 운영되고 있다.,Closed,11:00AM-7PM,11:00AM-7PM,11:00AM-7PM,11:00AM-7PM,11:00AM-7PM,11:00AM-7PM,3.9,95,37.569784,126.9601545,Ilminmuseumofart.jpg
국립현대미술관 창동레지던시,미술관,Indoor,도봉구 창2동에 위치한 국립현대미술관 창동레지던시는 미술작가들의 창작 여건 활성화와 한국 현대미술의 국제화를 위해 국립현대미술관이 운영하는 레지던시이다.,10AM-6PM,10AM-6PM,10AM-6PM,10AM-6PM,10AM-6PM,10AM-6PM,10AM-6PM,4,9,37.6406935,127.0218964,Nationalmuseumofcontemporaryartresidencychangdong.jpg
한미사진미술관,미술관,Indoor,송파구 방이동에 위치한 한미사진미술관은 2004년 국내 최초로 개관한 사진 전문 미술관이다. 사진에 대한 애정만으로 힘겨운 사진가의 길을 마다하지 않는 작가들의 창작 의욕을 북돋워 작품 활동을 적극 장려할 수 있는 분위기를 형성시키기에 일조하고 있다.,10AM-7PM,10AM-7PM,10AM-7PM,10AM-7PM,10AM-7PM,10AM-7PM,Closed,4.2,22,37.516571,127.0964485,Museumofphotographyseoul.jpg
성곡미술관,미술관,Indoor,종로구 사직동에 위치한 성곡미술관은  성곡미술문화재단에 운영하고 있다. 소규모의 알찬 전시들이 자주 열리고 특별 전시외에도 조각공원이 꾸며져 있어 둘러보기 좋다.,Closed,10AM-6PM,10AM-6PM,10AM-6PM,10AM-6PM,10AM-6PM,10AM-6PM,4.1,79,37.5731157,126.9522548,Sunggokartmuseum.jpg
성북구립미술관,미술관,Indoor,성북구 성북동에 위치한 성북구립미술관은 서울시 최초의 자치구 미술관으로 예술적 내향이 깃든 고즈넉한 작품들이 전시되어 있다.,10AM-6PM,10AM-6PM,10AM-6PM,10AM-6PM,10AM-6PM,10AM-6PM,10AM-6PM,,,37.603604,127.0324413,Sungbukmuseumofart.jpg
예술의전당 한가람미술관,미술관,Indoor,서초구 서초 3동에 위치한 예술의 전당 내부에 자리잡고 있는 한가람미술관은 본관 전체 3층 중 1층 3개 전시실으로 운영되고 있다. 기획전을 상시 하는 곳으로 유명하다.,11:00AM-8PM,11:00AM-8PM,11:00AM-8PM,11:00AM-8PM,11:00AM-8PM,11:00AM-8PM,11:00AM-8PM,4.3,"1,422",37.4803793,126.9967367,Seoulartscenterhangaramartmuseum.jpg
유강원(순명효황후의 릉)문화유적,역사적 명소,Outdoor,광진구 능동에 위치한 유강원은 대한제국 순종의 비 순명효황후의 옛 무덤이다. 옛 유강원 터인 광진구 어린이대공원에 남아 있다. 2001년 서울특별시의 유형문화재 제 134호로 지정되었다.,5AM-10PM,5AM-10PM,5AM-10PM,5AM-10PM,5AM-10PM,5AM-10PM,5AM-10PM,2,1,37.549363,127.0643031,Yoogangwon.jpg
살곶이다리,역사적 명소,Outdoor,성동구 행당1동에 위치한 살곶이다리는  조선의 수도인 한성부와 한반도 남동부를 잇는 주요 교통로에 세워진 다리로 강릉·충주 지방을 연결하는 주요 통로였다. 현존하는 조신 시대 돌다리 중 가장 길다는 특징이 있다.,Open 24 hours,Open 24 hours,Open 24 hours,Open 24 hours,Open 24 hours,Open 24 hours,Open 24 hours,4,118,37.5360063,127.0214313,Salgoteedari.jpg
아차산성,역사적 명소,Outdoor,광진구 광장동 한강 북쪽에 위치하고 있는 아차산성은 사적 제 234호로 지정된 문화재이다. 백제가 하남위례성에 도읍하였을 때 고구려의 침입을 물리치기 위하여 쌓은 큰 성이다.,Open 24 hours,Open 24 hours,Open 24 hours,Open 24 hours,Open 24 hours,Open 24 hours,Open 24 hours,4.2,86,37.5544541,127.0854302,Achasanseong.jpg
광화문,역사적 명소,Outdoor,"종로구에 위치한 경복궁의 남쪽에 있는 정문이다. 패의 뜻은 '임금의 큰 덕이 온 나라를 비춘다'이다.1395년에 세워졌으며, 2층 누각인 광화문 앞의 양쪽에는 한 쌍의 해치 조각상이 자리잡고 있다. 광화문의 석축부에는 세 개의 홍례문이 있다. 가운데 문은 임금이 다니는 문이고, 나머지 좌우의 문은 신하들이 다니던 문이었다.",8AM-5PM,8AM-5PM,8AM-5PM,8AM-5PM,8AM-5PM,8AM-5PM,8AM-5PM,4.5,"4,150",37.5759369,126.9593062,Gwanghwamun.jpg
풍납토성,역사적 명소,Outdoor,광진구 광장동의 산속에 위치한 아차산성은 사적 제 234호로 지정된 문화재이다. 백제가 하남 위례성에 도읍하였을 때 고구려의 침입을 물리치기 위하여 쌓은 큰 성이다.,Open 24 hours,Open 24 hours,Open 24 hours,Open 24 hours,Open 24 hours,Open 24 hours,Open 24 hours,3.8,30,37.5390793,127.1034372,Pungnapearthenramparts.jpg
장충단비,역사적 명소,Outdoor,중구 장충동에 있는 장춘단비는 대한제국 시대에 만들어진 장충단에 서 있던 비석이다. 1969년 서울특별시의 유형문화재 제1호로 지정되었다.,Open 24 hours,Open 24 hours,Open 24 hours,Open 24 hours,Open 24 hours,Open 24 hours,Open 24 hours,,,37.5575642,126.9866244,Jangchungdanbi.jpg
숭례문,역사적 명소,Outdoor,"중구에 위치한 숭례문은 남대문이라고 불리기도 한다. 2008년 방화로 인하여 소실된 나쁜 기억이 있지만, 2013년 4월 소실된 숭례문을 원형에 가깝게 복원하였다.",9AM-6PM,9AM-6PM,9AM-6PM,9AM-6PM,9AM-6PM,9AM-6PM,9AM-6PM,4.3,"2,661",37.5599526,126.9577925,Sungnyemun.jpg
남한산성 북문,역사적 명소,Outdoor,경기도 광주시에 자리하고 있는 남한산성의 4개소의 문 중 북쪽에 위치한 북문으로 '전승문'이라고 불리기도 한다.,Open 24 hours,Open 24 hours,Open 24 hours,Open 24 hours,Open 24 hours,Open 24 hours,Open 24 hours,4.1,276,37.481568,127.1672906,Namhansansungnorthgate.jpg
광평대군묘,역사적 명소,Outdoor,강남구 일원동에 위치한 광평대군묘는 세종대왕과 소헌왕후 심씨의 다섯째 아들의 분묘이다.,Open 24 hours,Open 24 hours,Open 24 hours,Open 24 hours,Open 24 hours,Open 24 hours,Open 24 hours,3.4,9,37.486769,127.0746175,Gwangpyeongroyaltomb.jpg
아차산4보루,역사적 명소,Outdoor,"광진구, 구리시 중첩에 위치하고 있으며 5세기 중반경 장수왕이 조성한것으로 알려져 있다. 철기제작 및 수리시설이 발견되었으며, 고구려편제 실마리를 제공하는 유적으로도 확인되고 있다.",Open 24 hours,Open 24 hours,Open 24 hours,Open 24 hours,Open 24 hours,Open 24 hours,Open 24 hours,3,3,37.5711395,127.0867368,Achasanfourbastion.jpg
서울문묘,역사적 명소,Outdoor,온돌이 발견되어 한민족 주거문화에 대해서도 알 수 있는 중요유적입니다.,Open 24 hours,Open 24 hours,Open 24 hours,Open 24 hours,Open 24 hours,Open 24 hours,Open 24 hours,4.8,4,37.5858494,126.9785776,Seoulmunmyo.jpg
동대문,역사적 명소,Outdoor,종로구에 위치한 흥인지문이라고도 불리는 동대문은 한양의 4대문 중의 하나로 대한민국의 보물 제 1호로 지정되어 있다. 도성의 8개 성문 중 유일하게 옹성을 갖추고 있다는 특징이 있다.,Open 24 hours,Open 24 hours,Open 24 hours,Open 24 hours,Open 24 hours,Open 24 hours,Open 24 hours,4.1,"1,080",37.5711389,126.9920357,Dongdaemun.jpg
우정총국,역사적 명소,Outdoor,종로구 우정국로에 위치한 우정총국은 조선시대 후기 우체업무를 담당하던 관청으로 한국 역사상 최초의 우체국이라고 할 수 있다. 건물은 사적 제213호로 지정되어 있다.,9AM-5PM,9AM-5PM,9AM-5PM,9AM-5PM,9AM-5PM,9AM-5PM,9AM-5PM,4,8,37.5743555,126.9651532,Firstpostaladministration.jpg
동구릉 재실,역사적 명소,Outdoor,"동구릉은 경기도 구리시에 있는 조선 시대의 왕릉군이다. 동구릉은 사적 제193호로 지정되어 있으며, 2009년 유네스코 세계유산으로 등재되었다.",Open 24 hours,Open 24 hours,Open 24 hours,Open 24 hours,Open 24 hours,Open 24 hours,Open 24 hours,4.4,15,37.6186227,127.11688,Donggureung.jpg
광통교,역사적 명소,Outdoor,"청계천에 설치되어 있는 다리로 지금의 광교 자리에 있었으며, 육조거리에서 숭례문으로 이어지는 도성 안 중심통로여서 옛 도성에서 가장 많은 사람들이 왕래하던 다리였다고 한다.",Open 24 hours,Open 24 hours,Open 24 hours,Open 24 hours,Open 24 hours,Open 24 hours,Open 24 hours,4.6,13,37.5691135,126.963655,Gwangtonggyo.jpg
월계동각심재,역사적 명소,Outdoor,"청계천에 설치되어 있는 다리로 지금의 광교 자리에 있었으며, 육조거리에서 숭례문으로 이어지는 도성 안 중심통로여서 옛 도성에서 가장 많은 사람들이 왕래하던 다리였다고 한다.",Open 24 hours,Open 24 hours,Open 24 hours,Open 24 hours,Open 24 hours,Open 24 hours,Open 24 hours,3,3,37.633944,127.0332285,Wolgye-donggaksimjae.jpg
목릉,역사적 명소,Outdoor,종로구 경운동에 위치한 월계동 각심재는 1930년대에 지은것으로 보이는 개량한옥으로 경운동에 있던것을 지금의 장소로 옮겨 지었다고 한다.일제시기의 개량한옥의 모습을 잘 나타내고 있으며 주택의 변천사를 알 수 있는 중요한 자료이다.,Open 24 hours,Open 24 hours,Open 24 hours,Open 24 hours,Open 24 hours,Open 24 hours,Open 24 hours,4,10,37.6256571,127.1156626,Mokneung.jpg
서울어린이대공원놀이동산,놀이공원,Outdoor,광진구 능동에 위치한 어린이 대공원 내의 놀이동산으로 어린이 대공원의 취지에 맞추어 유모차 관련 시설이나 수유 시설등이 매우 잘 되어있다.,10AM-7PM,10AM-7PM,10AM-7PM,10AM-7PM,10AM-7PM,10AM-9PM,10AM-7PM,4.3,950,37.5506984,127.0488321,Seoulchildren'sgrandparknoripark.jpg
서울랜드,놀이공원,Outdoor,경기도 과천시 막계동 서울대공원 내에 있는 테마공원이다. 1988년 5월 4일에 개장했으며 2018년 개장 30주년을 맞았다.서울랜드지만 과천시에 있다는 것이 특징이다.,9:30AM-10PM,9:30AM-10PM,9:30AM-10PM,9:30AM-10PM,9:30AM-10PM,9:30AM-10PM,9:30AM-10PM,4.2,"3,186",37.4341563,126.9851078,Seoulland.jpg
어린이대공원,놀이공원,Outdoor,"광진구 능동에 있는 시립 공원으로 현재 서울시설공단에서 운영하고 있다. 개장 당시에는 동양 최대의 규모였다. 푸른 숲과 파란 잔디의 녹지공간으로 이루어져 있어 어린이는 물론 청소년과 일반시민을 위한 휴식 및 문화공간으로서 시민공원의 역할을 한다. 또한 각종 교양시설 및 동물원, 식물원, 놀이시설 등을 갖춘 학습교육장으로 기능하고 있다.",5AM-10PM,5AM-10PM,5AM-10PM,5AM-10PM,5AM-10PM,5AM-10PM,5AM-10PM,4.4,"3,034",37.5482248,127.0458185,Seoulchildren'sgrandpark.jpg
에버랜드,놀이공원,Outdoor,"용인시 처인구 포곡읍에 위치한 에버랜드는 국내 최대의 테마파크이다. 에버랜드는 크게 글로벌 페어, 아메리칸 어드벤처, 매직랜드, 유러피안 어드벤처 그리고 주토피아로 크게 5개의 테마존으로 나뉘어 진다. 시기벌, 절기별로 축제, 공연 및 퍼레이드가 상시 운영되어 볼거리가 많다는 특징이 있다.",10AM-10PM,10AM-10PM,10AM-10PM,10AM-10PM,10AM-9PM,10AM-9PM,10AM-10PM,4.4,7,37.4923535,126.9947057,Everland.jpg
두리랜드,놀이공원,Outdoor,"경기도 양주시 장흥면 일영리에 위치한 어린이 무료 테마파크이다. 놀이공원의 규모 자체는 작지만, 어린이들을 좋아하는 임채무 씨의 설립 취지대로 '어린이들을 위한 놀이 공간' 으로 만들어졌다.",Closed,10AM-5PM,10AM-5PM,10AM-5PM,10AM-5PM,10AM-7PM,10AM-7PM,3.9,71,37.7246681,126.91541,Duriland.jpg
문래공원관리사무소,놀이공원,Outdoor,"영등포구 문래동에 위치한 문래공원은 많은 식목들이 심어져 있는 생태공원으로 생태연못, 배드민턴장, 산책로, 야외헬스기구와 같은 야외시설들이 설치되어 있다.",9AM-6PM,9AM-6PM,9AM-6PM,9AM-6PM,9AM-6PM,Closed,Closed,,,37.5176033,126.8602701,Munraeparkadministrativeoffice.jpg
Running Man Ep 1,놀이공원,Indoor,"종로구 인사동에 위치한 런닝맨은 생각보다 좁은 장소에 많은 조형물과 컨텐츠를 조성해 놓았고, 미션 달성이 쉽지만은 않으면서도 흥미와 성취욕을 유발하도록 만들어져 있어 운동효과도 높다.",10AM-10PM,10AM-10PM,10AM-10PM,10AM-10PM,10AM-10PM,10AM-10PM,10AM-10PM,5,2,37.5782,126.9550913,Runningmanep1.jpg
월미테마파크,놀이공원,Outdoor,중구 월미도에 위치한 놀이공원으로 1992년에 설립된 마이랜드에 이어서 2009년 11월 즈음에 개장한 놀이공원이다. 규모가 놀이공원에 비해 작고 주변에 울타리가 없어 기존의 건물들과 경계가 없는 편이지만 사람들이 많이 찾는 장소이다. 20가지가 넘는 놀이기구 시설들이 있다.,10AM-10PM,10AM-10PM,10AM-10PM,10AM-10PM,10AM-10PM,10AM-10:30PM,10AM-10:30PM,3.8,"1,113",37.471318,126.5612681,Wallmeethemepark.jpg
원더존,놀이공원,Outdoor,"부천시 원미구 춘의동에 위치한 원더존은 보다 이색적이고 신레포츠형 놀이동산으로 가족 나들이나, 단체 활동을 수용할 수 있는 넓은 잔디운동장과 안락한 휴식처들이 준비되어 있다. 20종이 넘는 놀이기구가 설치되어 있고, 3개의 박물관이 전시하고 있어 아이들과 시간을 보내기 좋은 장소이다.",10AM-10PM,10AM-10PM,10AM-10PM,10AM-10PM,10AM-10PM,10AM-12PM,10AM-12PM,3,6,37.5038035,126.7673075,Wonderzone.jpg
테지움 서울,놀이공원,Indoor,"종로구 창신 1동에 위치한 테지움 서울은 테디베어 테마파크로 테디베어를 직접 만지고 안아보는 오픈형 이색체험전시 공간이다. 이곳에서 테디베어의 어원과 유래, 역사를 알 수 있다. 서울 테마 존에서는 옛 시절 서울부터 현재 서울까지를 테디베어로 소개하고 있다.",8:30AM-6PM,8:30AM-6PM,8:30AM-6PM,8:30AM-6PM,8:30AM-6PM,8:30AM-6PM,8:30AM-6PM,4.1,214,37.5782,126.9550913,Teseumseoul.jpg
풍무동 중앙공원 공룡놀이터,놀이공원,Outdoor,"김포시 풍무동에 위치한 중앙공원 내부의 공룡 놀이터로, 어린이들의 취향에 맞도록 공룡 형상을 띄는 놀이기구들이 있으며, 공룡 조형물도 있다.",Open 24 hours,Open 24 hours,Open 24 hours,Open 24 hours,Open 24 hours,Open 24 hours,Open 24 hours,1,1,37.6036421,126.6909869,Pungmudongcentralparkdinosaurplayground.jpg
하니랜드,놀이공원,Outdoor,파주시 조리읍에 위치한 캠핑장으로 야외 어린이용 놀이공원과 식당가가 있어 아동과 시간을 보낼 수 있는 시설물들이 있다.,10AM-5:30PM,10AM-5:30PM,10AM-5:30PM,10AM-5:30PM,10AM-5:30PM,10AM-5:30PM,10AM-5:30PM,3.7,153,37.749982,126.7981818,Haniland.jpg
물동네,놀이공원,Outdoor,남양주시 수동면에 위치한 캠핑장으로 야외수영장과 계곡변의 캠핑시설과 실내 숙박시설이 있어 숙식이 가능하다.,Open 24 hours,Open 24 hours,Open 24 hours,Open 24 hours,Open 24 hours,Open 24 hours,Open 24 hours,2.3,4,37.719324,127.2777366,Muldongnae.jpg
일신놀이공원,놀이공원,Outdoor,부평구 일신동에 위치한 공원으로 시민들을 위한 산책로와 휴계시설등이 있다.,Open 24 hours,Open 24 hours,Open 24 hours,Open 24 hours,Open 24 hours,Open 24 hours,Open 24 hours,5,1,37.482593,126.7073008,Ilsinnoripark.jpg
성삼공원,공원,Outdoor,성동구 성수1동에 위치한 공원으로 건물 사이에 있는 작은 공원이다.,Open 24 hours,Open 24 hours,Open 24 hours,Open 24 hours,Open 24 hours,Open 24 hours,Open 24 hours,3.9,7,37.5420115,127.0590901,Seongsampark.jpg
서남환경공원,공원,Outdoor,강서구 방화동에 위치한 수목공원으로 시민들을 위하여 잡풀로 우거진 초지나 다름없던 곳을 새롭게 만든 공원이다. 평탄한 언덕길에 나무들을 많이 심어 산책하기에 좋고 산책로 끄트머리에 메타세쿼이아 나무가 숲을 이뤄 이곳의 메타세쿼이야 길이 인상적이다. 습지로를 따라 산책을 즐길수도 있으며 풋살장등의 편의시설도 있다.,Open 24 hours,Open 24 hours,Open 24 hours,Open 24 hours,Open 24 hours,Open 24 hours,Open 24 hours,,,37.5519278,127.0802988,Southwestenvironmentalpark.jpg
맨발공원,공원,Outdoor,"광진구 능동에 위치한 어린이대공원 내의 맨발공원으로 음악분수 광장 세갈래길 중 정면으로가면 도착할 수 있다. 넓은 풀밭과 흙길, 지압을 할 수 있는 타일들이 이색적이다.",5AM-10PM,5AM-10PM,5AM-10PM,5AM-10PM,5AM-10PM,5AM-10PM,5AM-10PM,,,37.5508016,127.0810532,Barefootpark.jpg
뚝섬유수지체육공원,공원,Outdoor,서울숲 공원 북쪽 끝에 자리잡고 있는 시민공원으로 성동구에서 시민들의 스포츠 활동 공간 확충과 체육활성화 토대를 마련하기 위해 뚝섬유원지에 체육공원을 만들었다. 서울숲과 붙어있기 때문에 한강변과 가깝다는 장점이 있다.,Open 24 hours,Open 24 hours,Open 24 hours,Open 24 hours,Open 24 hours,Open 24 hours,Open 24 hours,3.8,24,37.5496009,127.0405181,Ttukseomsportspark.jpg
미나리공원,공원,Outdoor,동대문구 장안동에 위치한 공원으로 장한평역 4번출구에서 도보 15분 내외로 갈 수 있다.,Open 24 hours,Open 24 hours,Open 24 hours,Open 24 hours,Open 24 hours,Open 24 hours,Open 24 hours,3.6,5,37.563681,127.068102,Minaripark.jpg
상원어린이공원,공원,Outdoor,성동구 성수동 1가에 위치한 공원으로 어린이를 위한 놀이 시설물 등이 있다.,Open 24 hours,Open 24 hours,Open 24 hours,Open 24 hours,Open 24 hours,Open 24 hours,Open 24 hours,4,2,37.5475661,127.046119,Saangwhonchildren'spark.jpg
열린무대,공원,Outdoor,광진구 능동에 위치한 어린이대공원 내의 야외 시설물로 정문 음악분수 광장에 자리한다. 부채꼴 모양의 야외 무대이며 여러 공연등이 상영되기도 한다.,5AM-10PM,5AM-10PM,5AM-10PM,5AM-10PM,5AM-10PM,5AM-10PM,5AM-10PM,,,37.5488553,127.0768934,Openstage.jpg
